c_number	mpn	row_text
C6650	ESDA6V1-5SC6	ESDA6V1-5SC6 | C6650 | Extended | -40℃~+125℃@(Ta) 100W 1uA 3V 5 50pF 6.1V 6.1V ESD IEC 61000-4-2 Unidirectional SOT-23-6L ESD and Surge Protection (TVS/ESD) ROHS | STMicroelectronics | 382 | 1+ | 3000+ | $0.1889 | Show More | Idle parts available | Min: 1 | Full Reel: 3000 | Total: $0.31 | Add to My Part Lib | Use the Parts Calculator to determine the quantities you need to purchase.
C7074	SP0503BAHTG	SP0503BAHTG | C7074 | Extended | -55℃~+125℃ 100nA 30pF 5.5V 8.5V IEC 61000-4-2 TVS Three channels SOT-143 ESD and Surge Protection (TVS/ESD) ROHS | Littelfuse | 10054 | 1+ | 3000+ | $0.1536 | Show More | Idle parts available | Min: 1 | Full Reel: 3000 | Total: $0.31 | Add to My Part Lib | Use the Parts Calculator to determine the quantities you need to purchase.
C7519	USBLC6-2SC6	USBLC6-2SC6 | C7519 | Extended | -40℃~+125℃ 150nA 17V 2 3.5pF 5.25V 5A 6V ESD IEC 61000-4-2 Unidirectional SOT-23-6L ESD and Surge Protection (TVS/ESD) ROHS | STMicroelectronics | 51716 | 1+ | 3000+ | $0.0801 | Show More | Idle parts available | Min: 1 | Full Reel: 3000 | Total: $0.15 | Add to My Part Lib | Use the Parts Calculator to determine the quantities you need to purchase.
C8800	SMBJ18CA	SMBJ18CA | C8800 | Extended | -55℃~+150℃ 18V 1uA 20.5A 23.3V 29.2V 600W@10/1000us Bidirectional IEC 61000-4-2、IEC 61000-4-4 TVS DO-214AA(SMB) ESD and Surge Protection (TVS/ESD) ROHS | RUILON(Shenzhen Ruilongyuan Elec) | 3 | 1+ | 3000+ | $0.0128 | Show More | Min: 1 | Full Reel: 3000 | Total: $0.02 | Add to My Part Lib | Use the Parts Calculator to determine the quantities you need to purchase.
C8801	SMBJ40CA	SMBJ40CA | C8801 | Extended | -55℃~+150℃ 1uA 40V 51.1V 600W@10/1000us 64.5V 9.3A Bidirectional TVS DO-214AA(SMB) ESD and Surge Protection (TVS/ESD) ROHS | RUILON(Shenzhen Ruilongyuan Elec) | 2382 | 1+ | 3000+ | $0.0419 | Show More | Min: 1 | Full Reel: 3000 | Total: $0.08 | Add to My Part Lib | Use the Parts Calculator to determine the quantities you need to purchase.
C8802	SMBJ200CA	SMBJ200CA | C8802 | Extended | -55℃~+150℃ 1.9A@10/1000us 1uA 200V 247V 324V 600W@10/1000us Bidirectional IEC 61000-4-2、IEC 61000-4-4 TVS DO-214AA(SMB) ESD and Surge Protection (TVS/ESD) ROHS | RUILON(Shenzhen Ruilongyuan Elec) | 14 | 1+ | 500+ | $0.0441 | Show More | Min: 1 | Full Reel: 500 | Total: $0.08 | Add to My Part Lib | Use the Parts Calculator to determine the quantities you need to purchase.
C8803	5KP24CA	5KP24CA | C8803 | Extended | -55℃~+150℃ 128.53A@10/1000us 24V 29.5V 2uA 38.9V 5kW@10/1000us TVS P600 ESD and Surge Protection (TVS/ESD) ROHS | RUILON(Shenzhen Ruilongyuan Elec) | 487 | 1+ | 400+ | $0.4650 | Show More | Min: 1 | Full Reel: 400 | Total: $0.84 | Add to My Part Lib | Use the Parts Calculator to determine the quantities you need to purchase.
C8804	5KP33CA	5KP33CA | C8804 | Extended | 2uA 33V 40.6V 53.3V 5kW@10/1000us 93.81A@10/1000us Bidirectional TVS P600 ESD and Surge Protection (TVS/ESD) ROHS | RUILON(Shenzhen Ruilongyuan Elec) | 3577 | 1+ | 400+ | $0.4825 | Show More | Min: 1 | Full Reel: 400 | Total: $0.74 | Add to My Part Lib | Use the Parts Calculator to determine the quantities you need to purchase.
C8805	5KP40CA	5KP40CA | C8805 | Extended | -55℃~+150℃ 2uA 40V 49.1V 5kW@10/1000us 64.5V 77.52A@10/1000us Bidirectional TVS P600 ESD and Surge Protection (TVS/ESD) ROHS | RUILON(Shenzhen Ruilongyuan Elec) | 583 | 1+ | 400+ | $0.4506 | Show More | Min: 1 | Full Reel: 400 | Total: $0.83 | Add to My Part Lib | Use the Parts Calculator to determine the quantities you need to purchase.
C8824	SMBJ6.5CA	SMBJ6.5CA | C8824 | Extended | -55℃~+150℃ 11.2V 500uA 53.6A 6.5V 600W@10/1000us 8.3V Bidirectional IEC 61000-4-2、IEC 61000-4-4 TVS DO-214AA(SMB) ESD and Surge Protection (TVS/ESD) ROHS | RUILON(Shenzhen Ruilongyuan Elec) | 9 | 1+ | 500+ | $0.0470 | Show More | Idle parts available | Min: 1 | Full Reel: 500 | Total: $0.07 | Add to My Part Lib | Use the Parts Calculator to determine the quantities you need to purchase.
C8826	SMBJ8.5CA	SMBJ8.5CA | C8826 | Extended | -55℃~+150℃ 10.82V 14.4V 20uA 41.7A@10/1000us 600W@10/1000us 8.5V IEC 61000-4-2、IEC 61000-4-4 TVS DO-214AA(SMB) ESD and Surge Protection (TVS/ESD) ROHS | RUILON(Shenzhen Ruilongyuan Elec) | 3365 | 1+ | 3000+ | $0.0440 | Show More | Min: 1 | Full Reel: 3000 | Total: $0.08 | Add to My Part Lib | Use the Parts Calculator to determine the quantities you need to purchase.
C8829	SMBJ15CA	SMBJ15CA | C8829 | Extended | -55℃~+150℃ 15V 19.2V 1uA 24.4V 24.6A@10/1000us 600W@10/1000us Bidirectional IEC 61000-4-2、IEC 61000-4-4 TVS DO-214AA(SMB) ESD and Surge Protection (TVS/ESD) ROHS | RUILON(Shenzhen Ruilongyuan Elec) | 2 | 1+ | 500+ | $0.0432 | Show More | Min: 1 | Full Reel: 500 | Total: $0.07 | Add to My Part Lib | Use the Parts Calculator to determine the quantities you need to purchase.
C8832	SMBJ20CA	SMBJ20CA | C8832 | Extended | -55℃~+150℃ 18.5A@10/1000us 1uA 20V 25.5V 32.4V 600W@10/1000us Bidirectional IEC 61000-4-2、IEC 61000-4-4 TVS DO-214AA(SMB) ESD and Surge Protection (TVS/ESD) ROHS | RUILON(Shenzhen Ruilongyuan Elec) | 1617 | 1+ | 3000+ | $0.0457 | Show More | Min: 1 | Full Reel: 3000 | Total: $0.09 | Add to My Part Lib | Use the Parts Calculator to determine the quantities you need to purchase.
C8833	SMBJ22CA	SMBJ22CA | C8833 | Extended | -55℃~+150℃ 16.9A 1uA 22V 28V 35.5V 600W@10/1000us Bidirectional IEC 61000-4-2、IEC 61000-4-4 TVS DO-214AA(SMB) ESD and Surge Protection (TVS/ESD) ROHS | RUILON(Shenzhen Ruilongyuan Elec) | 4096 | 1+ | 3000+ | $0.0419 | Show More | Min: 1 | Full Reel: 3000 | Total: $0.08 | Add to My Part Lib | Use the Parts Calculator to determine the quantities you need to purchase.
C8834	SMBJ24CA	SMBJ24CA | C8834 | Extended | -55℃~+150℃ 15.2A 1uA 24V 30.7V 38.9V 600W@10/1000us Bidirectional IEC 61000-4-2、IEC 61000-4-4 TVS DO-214AA(SMB) ESD and Surge Protection (TVS/ESD) ROHS | RUILON(Shenzhen Ruilongyuan Elec) | 923 | 1+ | 3000+ | $0.0419 | Show More | Min: 1 | Full Reel: 3000 | Total: $0.08 | Add to My Part Lib | Use the Parts Calculator to determine the quantities you need to purchase.
C8835	SMBJ26CA	SMBJ26CA | C8835 | Extended | -55℃~+150℃ 14.2A 1uA 26V 33.2V 42.1V 600W@10/1000us Bidirectional IEC 61000-4-2、IEC 61000-4-4 TVS DO-214AA(SMB) ESD and Surge Protection (TVS/ESD) ROHS | RUILON(Shenzhen Ruilongyuan Elec) | 3805 | 1+ | 3000+ | $0.0390 | Show More | Min: 1 | Full Reel: 3000 | Total: $0.08 | Add to My Part Lib | Use the Parts Calculator to determine the quantities you need to purchase.
C8837	SMBJ30CA	SMBJ30CA | C8837 | Extended | -55℃~+150℃ 12.4A@10/1000us 1uA 30V 38.3V 48.4V 600W@10/1000us Bidirectional IEC 61000-4-2、IEC 61000-4-4 TVS DO-214AA(SMB) ESD and Surge Protection (TVS/ESD) ROHS | RUILON(Shenzhen Ruilongyuan Elec) | 2 | 1+ | 500+ | $0.0441 | Show More | Idle parts available | Min: 1 | Full Reel: 500 | Total: $0.08 | Add to My Part Lib | Use the Parts Calculator to determine the quantities you need to purchase.
C8841	SMBJ48CA	SMBJ48CA | C8841 | Extended | -55℃~+150℃ 1uA 48V 600W@10/1000us 61.3V 7.7A 77.4V Bidirectional IEC 61000-4-2、IEC 61000-4-4 TVS DO-214AA(SMB) ESD and Surge Protection (TVS/ESD) ROHS | RUILON(Shenzhen Ruilongyuan Elec) | 3000 | 1+ | 3000+ | $0.0419 | Show More | Idle parts available | Min: 1 | Full Reel: 3000 | Total: $0.08 | Add to My Part Lib | Use the Parts Calculator to determine the quantities you need to purchase.
C8842	SMBJ51CA	SMBJ51CA | C8842 | Extended | -55℃~+150℃ 1uA 51V 600W@10/1000us 65.2V 7.3A 82.4V Bidirectional IEC 61000-4-2、IEC 61000-4-4 TVS DO-214AA(SMB) ESD and Surge Protection (TVS/ESD) ROHS | RUILON(Shenzhen Ruilongyuan Elec) | 740 | 1+ | 3000+ | $0.0440 | Show More | Min: 1 | Full Reel: 3000 | Total: $0.09 | Add to My Part Lib | Use the Parts Calculator to determine the quantities you need to purchase.
C8843	SMBJ54CA	SMBJ54CA | C8843 | Extended | -55℃~+150℃ 1uA 54V 6.9A@10/1000us 600W@10/1000us 69V 87.1V Bidirectional IEC 61000-4-2、IEC 61000-4-4 TVS DO-214AA(SMB) ESD and Surge Protection (TVS/ESD) ROHS | RUILON(Shenzhen Ruilongyuan Elec) | 496 | 1+ | 500+ | $0.0534 | Show More | Min: 1 | Full Reel: 500 | Total: $0.09 | Add to My Part Lib | Use the Parts Calculator to determine the quantities you need to purchase.
C8844	SMBJ58CA	SMBJ58CA | C8844 | Extended | -55℃~+150℃ 1uA 58V 6.4A 600W@10/1000us 74.1V 93.6V Bidirectional TVS DO-214AA(SMB) ESD and Surge Protection (TVS/ESD) ROHS | RUILON(Shenzhen Ruilongyuan Elec) | 31 | 1+ | 500+ | $0.0541 | Show More | Min: 1 | Full Reel: 500 | Total: $0.09 | Add to My Part Lib | Use the Parts Calculator to determine the quantities you need to purchase.
C8845	SMBJ60CA	SMBJ60CA | C8845 | Extended | -55℃~+150℃ 1uA 6.2A@10/1000us 600W@10/1000us 60V 76.7V 96.8V Bidirectional IEC 61000-4-2、IEC 61000-4-4 TVS DO-214AA(SMB) ESD and Surge Protection (TVS/ESD) ROHS | RUILON(Shenzhen Ruilongyuan Elec) | 1629 | 1+ | 500+ | $0.0478 | Show More | Min: 1 | Full Reel: 500 | Total: $0.09 | Add to My Part Lib | Use the Parts Calculator to determine the quantities you need to purchase.
C8846	SMBJ64CA	SMBJ64CA | C8846 | Extended | -55℃~+150℃ 103V 1uA 5.8A@10/1000us 600W@10/1000us 64V 81.8V Bidirectional IEC 61000-4-2、IEC 61000-4-4 TVS DO-214AA(SMB) ESD and Surge Protection (TVS/ESD) ROHS | RUILON(Shenzhen Ruilongyuan Elec) | 2925 | 1+ | 3000+ | $0.0478 | Show More | Min: 1 | Full Reel: 3000 | Total: $0.09 | Add to My Part Lib | Use the Parts Calculator to determine the quantities you need to purchase.
C8847	SMBJ190CA	SMBJ190CA | C8847 | Extended | -55℃~+150℃ 190V 1uA 243.2V 2A 308V 600W@10/1000us Bidirectional IEC 61000-4-2、IEC 61000-4-4 TVS DO-214AA(SMB) ESD and Surge Protection (TVS/ESD) ROHS | RUILON(Shenzhen Ruilongyuan Elec) | 3050 | 1+ | 3000+ | $0.0478 | Show More | Min: 1 | Full Reel: 3000 | Total: $0.09 | Add to My Part Lib | Use the Parts Calculator to determine the quantities you need to purchase.
C8848	SMBJ13CA	SMBJ13CA | C8848 | Extended | -55℃~+150℃ 13V 16.5V 1uA 21.5V 27.9A@10/1000us 600W@10/1000us Bidirectional IEC 61000-4-2、IEC 61000-4-4 TVS DO-214AA(SMB) ESD and Surge Protection (TVS/ESD) ROHS | RUILON(Shenzhen Ruilongyuan Elec) | 3147 | 1+ | 3000+ | $0.0526 | Show More | Min: 1 | Full Reel: 3000 | Total: $0.09 | Add to My Part Lib | Use the Parts Calculator to determine the quantities you need to purchase.
C19077500	SMF6.0CA	SMF6.0CA | C19077500 | Extended | -55℃~+150℃ 1 10.3V 19.4A@10/1000us 200W@10/1000us 400uA 6V 7.37V Bidirectional IEC 61000-4-2 TVS SOD-123FL ESD and Surge Protection (TVS/ESD) ROHS | hongjiacheng | 757707 | 1+ | 3000+ | $0.0163 | Show More | Min: 1 | Full Reel: 3000 | Total: $0.03 | Add to My Part Lib | Use the Parts Calculator to determine the quantities you need to purchase.
C19077501	SMF6.5CA	SMF6.5CA | C19077501 | Extended | -55℃~+150℃ 1 11.2V 17.9A@10/1000us 200W@10/1000us 250uA 6.5V 7.98V Bidirectional IEC 61000-4-2 TVS SOD-123FL ESD and Surge Protection (TVS/ESD) ROHS | hongjiacheng | 1238766 | 1+ | 3000+ | $0.0165 | Show More | Min: 1 | Full Reel: 3000 | Total: $0.03 | Add to My Part Lib | Use the Parts Calculator to determine the quantities you need to purchase.
C19077502	SMF7.0CA	SMF7.0CA | C19077502 | Extended | -55℃~+150℃ 100uA 12V 16.7A@10/1000us 200W@10/1000us 7V 8.6V Bidirectional IEC 61000-4-2 TVS SOD-123FL ESD and Surge Protection (TVS/ESD) ROHS | hongjiacheng | 135778 | 1+ | 3000+ | $0.0160 | Show More | Min: 1 | Full Reel: 3000 | Total: $0.03 | Add to My Part Lib | Use the Parts Calculator to determine the quantities you need to purchase.
C19077503	SMF7.5CA	SMF7.5CA | C19077503 | Extended | -55℃~+150℃ 12.9V 15.5A@10/1000us 200W@10/1000us 50uA 7.5V 9.21V Bidirectional IEC 61000-4-2 TVS SOD-123FL ESD and Surge Protection (TVS/ESD) ROHS | hongjiacheng | 30141 | 1+ | 3000+ | $0.0160 | Show More | Min: 1 | Full Reel: 3000 | Total: $0.03 | Add to My Part Lib | Use the Parts Calculator to determine the quantities you need to purchase.
C19077504	SMF9.0CA	SMF9.0CA | C19077504 | Extended | -55℃~+150℃ 11.1V 13A@10/1000us 15.4V 200W@10/1000us 5uA 9V Bidirectional IEC 61000-4-2 TVS SOD-123FL ESD and Surge Protection (TVS/ESD) ROHS | hongjiacheng | 50926 | 1+ | 3000+ | $0.0162 | Show More | Min: 1 | Full Reel: 3000 | Total: $0.03 | Add to My Part Lib | Use the Parts Calculator to determine the quantities you need to purchase.
C19077505	SMF10CA	SMF10CA | C19077505 | Extended | -55℃~+150℃ 10V 11.8A@10/1000us 12.3V 17V 2.5uA 200W@10/1000us Bidirectional IEC 61000-4-2 TVS SOD-123FL ESD and Surge Protection (TVS/ESD) ROHS | hongjiacheng | 314782 | 1+ | 3000+ | $0.0151 | Show More | Min: 1 | Full Reel: 3000 | Total: $0.03 | Add to My Part Lib | Use the Parts Calculator to determine the quantities you need to purchase.
C19077506	SMF12A	SMF12A | C19077506 | Extended | -55℃~+150℃ 10.1A@10/1000us 12V 14.7V 19.9V 2.5uA 200W@10/1000us IEC 61000-4-2 TVS Unidirectional SOD-123FL ESD and Surge Protection (TVS/ESD) ROHS | hongjiacheng | 159181 | 1+ | 3000+ | $0.0152 | Show More | Min: 1 | Full Reel: 3000 | Total: $0.03 | Add to My Part Lib | Use the Parts Calculator to determine the quantities you need to purchase.
C19077507	SMF12CA	SMF12CA | C19077507 | Extended | -55℃~+150℃ 10.1A@10/1000us 12V 14.7V 19.9V 2.5uA 200W@10/1000us Bidirectional IEC 61000-4-2 TVS SOD-123FL ESD and Surge Protection (TVS/ESD) ROHS | hongjiacheng | 342576 | 1+ | 3000+ | $0.0149 | Show More | Min: 1 | Full Reel: 3000 | Total: $0.03 | Add to My Part Lib | Use the Parts Calculator to determine the quantities you need to purchase.
C19077508	SMF13CA	SMF13CA | C19077508 | Extended | -55℃~+150℃ 13V 15.9V 1uA 200W@10/1000us 21.5V 9.3A@10/1000us Bidirectional IEC 61000-4-2 TVS SOD-123FL ESD and Surge Protection (TVS/ESD) ROHS | hongjiacheng | 280231 | 1+ | 3000+ | $0.0152 | Show More | Min: 1 | Full Reel: 3000 | Total: $0.03 | Add to My Part Lib | Use the Parts Calculator to determine the quantities you need to purchase.
C19077509	SMF15A	SMF15A | C19077509 | Extended | -55℃~+150℃ 1 15V 18.5V 1uA 200W@10/1000us 24.4V 8.2A@10/1000us IEC 61000-4-2 TVS Unidirectional SOD-123FL ESD and Surge Protection (TVS/ESD) ROHS | hongjiacheng | 142608 | 1+ | 3000+ | $0.0152 | Show More | Min: 1 | Full Reel: 3000 | Total: $0.03 | Add to My Part Lib | Use the Parts Calculator to determine the quantities you need to purchase.
C19077510	SMF15CA	SMF15CA | C19077510 | Extended | -55℃~+150℃ 1 15V 18.5V 1uA 200W@10/1000us 24.4V 8.2A@10/1000us Bidirectional IEC 61000-4-2 TVS SOD-123FL ESD and Surge Protection (TVS/ESD) ROHS | hongjiacheng | 8684308 | 1+ | 3000+ | $0.0152 | Show More | Min: 1 | Full Reel: 3000 | Total: $0.03 | Add to My Part Lib | Use the Parts Calculator to determine the quantities you need to purchase.
C19077511	SMF16CA	SMF16CA | C19077511 | Extended | -55℃~+150℃ 1 16V 19.7V 1uA 200W@10/1000us 26V 7.7A@10/1000us Bidirectional IEC 61000-4-2 TVS SOD-123FL ESD and Surge Protection (TVS/ESD) ROHS | hongjiacheng | 125531 | 1+ | 3000+ | $0.0145 | Show More | Min: 1 | Full Reel: 3000 | Total: $0.03 | Add to My Part Lib | Use the Parts Calculator to determine the quantities you need to purchase.
C19077512	SMF18A	SMF18A | C19077512 | Extended | -55℃~+150℃ 18V 1uA 200W@10/1000us 22.1V 29.2V 6.8A@10/1000us IEC 61000-4-2 TVS Unidirectional SOD-123FL ESD and Surge Protection (TVS/ESD) ROHS | hongjiacheng | 57784 | 1+ | 3000+ | $0.0151 | Show More | Min: 1 | Full Reel: 3000 | Total: $0.03 | Add to My Part Lib | Use the Parts Calculator to determine the quantities you need to purchase.
C19077513	SMF18CA	SMF18CA | C19077513 | Extended | 1 18V 1uA 200W@10/1000us 22.1V 29.2V 6.8A@10/1000us Bidirectional IEC 61000-4-2 TVS SOD-123FL ESD and Surge Protection (TVS/ESD) ROHS | hongjiacheng | 340310 | 1+ | 3000+ | $0.0153 | Show More | Min: 1 | Full Reel: 3000 | Total: $0.03 | Add to My Part Lib | Use the Parts Calculator to determine the quantities you need to purchase.
C19077514	SMF24A	SMF24A | C19077514 | Extended | -55℃~+150℃ 1 1uA 200W@10/1000us 24V 29.5V 38.9V 5.1A@10/1000us IEC 61000-4-2 TVS Unidirectional SOD-123FL ESD and Surge Protection (TVS/ESD) ROHS | hongjiacheng | 303135 | 1+ | 3000+ | $0.0153 | Show More | Min: 1 | Full Reel: 3000 | Total: $0.03 | Add to My Part Lib | Use the Parts Calculator to determine the quantities you need to purchase.
C19077515	SMF24CA	SMF24CA | C19077515 | Extended | -55℃~+150℃ 1uA 200W@10/1000us 24V 29.5V 38.9V 5.1A@10/1000us Bidirectional IEC 61000-4-2 TVS SOD-123FL ESD and Surge Protection (TVS/ESD) ROHS | hongjiacheng | 1459163 | 1+ | 3000+ | $0.0139 | Show More | Min: 1 | Full Reel: 3000 | Total: $0.03 | Add to My Part Lib | Use the Parts Calculator to determine the quantities you need to purchase.
C19077516	SMF26CA	SMF26CA | C19077516 | Extended | -55℃~+150℃ 1uA 200W@10/1000us 26V 31.9V 4.8A@10/1000us 42.1V Bidirectional IEC 61000-4-2 TVS SOD-123FL ESD and Surge Protection (TVS/ESD) ROHS | hongjiacheng | 3933 | 1+ | 3000+ | $0.0153 | Show More | Min: 1 | Full Reel: 3000 | Total: $0.03 | Add to My Part Lib | Use the Parts Calculator to determine the quantities you need to purchase.
C19077517	SMF28CA	SMF28CA | C19077517 | Extended | -55℃~+150℃ 1uA 200W@10/1000us 28V 34.4V 4.4A@10/1000us 45.4V Bidirectional IEC 61000-4-2 TVS SOD-123FL ESD and Surge Protection (TVS/ESD) ROHS | hongjiacheng | 345625 | 1+ | 3000+ | $0.0152 | Show More | Min: 1 | Full Reel: 3000 | Total: $0.03 | Add to My Part Lib | Use the Parts Calculator to determine the quantities you need to purchase.
C19077518	SMF30A	SMF30A | C19077518 | Extended | -55℃~+150℃ 1 1uA 200W@10/1000us 30V 36.8V 4.1A 48.4V IEC 61000-4-2 TVS Unidirectional SOD-123FL ESD and Surge Protection (TVS/ESD) ROHS | hongjiacheng | 627674 | 1+ | 3000+ | $0.0153 | Show More | Min: 1 | Full Reel: 3000 | Total: $0.03 | Add to My Part Lib | Use the Parts Calculator to determine the quantities you need to purchase.
C19077519	SMF30CA	SMF30CA | C19077519 | Extended | -55℃~+150℃ 1uA 200W@10/1000us 30V 36.8V 4.1A@10/1000us 48.4V Bidirectional IEC 61000-4-2 TVS SOD-123FL ESD and Surge Protection (TVS/ESD) ROHS | hongjiacheng | 151814 | 1+ | 3000+ | $0.0152 | Show More | Min: 1 | Full Reel: 3000 | Total: $0.03 | Add to My Part Lib | Use the Parts Calculator to determine the quantities you need to purchase.
C19077520	SMF33CA	SMF33CA | C19077520 | Extended | -55℃~+150℃ 1uA 200W@10/1000us 3.8A@10/1000us 33V 40.6V 53.3V Bidirectional IEC 61000-4-2 TVS SOD-123FL ESD and Surge Protection (TVS/ESD) ROHS | hongjiacheng | 4133 | 1+ | 3000+ | $0.0152 | Show More | Min: 1 | Full Reel: 3000 | Total: $0.03 | Add to My Part Lib | Use the Parts Calculator to determine the quantities you need to purchase.
C19077521	SMF36CA	SMF36CA | C19077521 | Extended | -55℃~+150℃ 1uA 200W@10/1000us 3.4A@10/1000us 36V 44.2V 58.1V Bidirectional IEC 61000-4-2 TVS SOD-123FL ESD and Surge Protection (TVS/ESD) ROHS | hongjiacheng | 14254 | 1+ | 3000+ | $0.0153 | Show More | Min: 1 | Full Reel: 3000 | Total: $0.03 | Add to My Part Lib | Use the Parts Calculator to determine the quantities you need to purchase.
C19077522	SMAJ3.3CA	SMAJ3.3CA | C19077522 | Extended | -55℃~+150℃ 3.3V 400W@10/1000us 43.8A@10/1000us 600uA 8V 9V Bidirectional IEC 61000-4-2 TVS SMA ESD and Surge Protection (TVS/ESD) ROHS | hongjiacheng | 28969 | 1+ | 5000+ | $0.0331 | Show More | Min: 1 | Full Reel: 5000 | Total: $0.06 | Add to My Part Lib | Use the Parts Calculator to determine the quantities you need to purchase.
C19077523	SMAJ5.0A	SMAJ5.0A | C19077523 | Extended | -55℃~+150℃ 1 400W@10/1000us 43.5A@10/1000us 5V 7V 800uA 9.2V IEC 61000-4-2 TVS Unidirectional DO-214AC(SMA) ESD and Surge Protection (TVS/ESD) ROHS | hongjiacheng | 12629 | 1+ | 5000+ | $0.0199 | Show More | Min: 1 | Full Reel: 5000 | Total: $0.04 | Add to My Part Lib | Use the Parts Calculator to determine the quantities you need to purchase.
C19077524	SMAJ5.0CA	SMAJ5.0CA | C19077524 | Extended | -55℃~+150℃ 1 400W@10/1000us 43.5A@10/1000us 5V 7V 800uA 9.2V Bidirectional IEC 61000-4-2 TVS DO-214AC(SMA) ESD and Surge Protection (TVS/ESD) ROHS | hongjiacheng | 425252 | 1+ | 5000+ | $0.0189 | Show More | Idle parts available | Min: 1 | Full Reel: 5000 | Total: $0.04 | Add to My Part Lib | Use the Parts Calculator to determine the quantities you need to purchase.
C19077525	SMAJ6.0A	SMAJ6.0A | C19077525 | Extended | -55℃~+150℃ 10.3V 38.8A@10/1000us 400W@10/1000us 6V 7.37V 800uA IEC 61000-4-2 TVS Unidirectional DO-214AC(SMA) ESD and Surge Protection (TVS/ESD) ROHS | hongjiacheng | 98801 | 1+ | 5000+ | $0.0218 | Show More | Min: 1 | Full Reel: 5000 | Total: $0.04 | Add to My Part Lib | Use the Parts Calculator to determine the quantities you need to purchase.
C19077526	SMAJ6.0CA	SMAJ6.0CA | C19077526 | Extended | -55℃~+150℃ 1 10.3V 38.8A@10/1000us 400W@10/1000us 6V 7.37V 800uA Bidirectional IEC 61000-4-2 TVS DO-214AC(SMA) ESD and Surge Protection (TVS/ESD) ROHS | hongjiacheng | 260157 | 1+ | 5000+ | $0.0210 | Show More | Min: 1 | Full Reel: 5000 | Total: $0.04 | Add to My Part Lib | Use the Parts Calculator to determine the quantities you need to purchase.
C19077527	SMAJ6.5CA	SMAJ6.5CA | C19077527 | Extended | -55℃~+150℃ 1 11.2V 35.7A@10/1000us 400W@10/1000us 500uA 6.5V 7.98V Bidirectional IEC 61000-4-2 TVS DO-214AC(SMA) ESD and Surge Protection (TVS/ESD) ROHS | hongjiacheng | 243768 | 1+ | 5000+ | $0.0194 | Show More | Min: 1 | Full Reel: 5000 | Total: $0.04 | Add to My Part Lib | Use the Parts Calculator to determine the quantities you need to purchase.
C19077529	SMAJ7.0CA	SMAJ7.0CA | C19077529 | Extended | -55℃~+150℃ 12V 200uA 33.3A@10/1000us 400W@10/1000us 7V 8.6V Bidirectional IEC 61000-4-2 TVS DO-214AC(SMA) ESD and Surge Protection (TVS/ESD) ROHS | hongjiacheng | 55658 | 1+ | 5000+ | $0.0207 | Show More | Min: 1 | Full Reel: 5000 | Total: $0.04 | Add to My Part Lib | Use the Parts Calculator to determine the quantities you need to purchase.
C19077530	SMAJ10CA	SMAJ10CA | C19077530 | Extended | -55℃~+150℃ 10V 12.3V 17V 23.5A 400W@10/1000us 5uA Bidirectional IEC 61000-4-2 TVS DO-214AC(SMA) ESD and Surge Protection (TVS/ESD) ROHS | hongjiacheng | 21404 | 1+ | 5000+ | $0.0197 | Show More | Min: 1 | Full Reel: 5000 | Total: $0.03 | Add to My Part Lib | Use the Parts Calculator to determine the quantities you need to purchase.
C19077531	SMAJ12A	SMAJ12A | C19077531 | Extended | -55℃~+150℃ 1 12V 14.7V 19.9V 1uA 20.1A@10/1000us 400W@10/1000us IEC 61000-4-2 TVS Unidirectional DO-214AC(SMA) ESD and Surge Protection (TVS/ESD) ROHS | hongjiacheng | 39866 | 1+ | 5000+ | $0.0197 | Show More | Min: 1 | Full Reel: 5000 | Total: $0.03 | Add to My Part Lib | Use the Parts Calculator to determine the quantities you need to purchase.
C19077532	SMAJ12CA	SMAJ12CA | C19077532 | Extended | -55℃~+150℃ 1 12V 14.7V 19.9V 1uA 20.1A@10/1000us 400W@10/1000us Bidirectional IEC 61000-4-2 TVS DO-214AC(SMA) ESD and Surge Protection (TVS/ESD) ROHS | hongjiacheng | 40006 | 1+ | 5000+ | $0.0140 | Show More | Min: 1 | Full Reel: 5000 | Total: $0.03 | Add to My Part Lib | Use the Parts Calculator to determine the quantities you need to purchase.
C19077533	SMAJ13A	SMAJ13A | C19077533 | Extended | -55℃~+150℃ 13V 15.9V 18.6A 1uA 21.5V 400W@10/1000us IEC 61000-4-2 TVS Unidirectional DO-214AC(SMA) ESD and Surge Protection (TVS/ESD) ROHS | hongjiacheng | 15515 | 1+ | 5000+ | $0.0183 | Show More | Min: 1 | Full Reel: 5000 | Total: $0.02 | Add to My Part Lib | Use the Parts Calculator to determine the quantities you need to purchase.
C19077534	SMAJ13CA	SMAJ13CA | C19077534 | Extended | -55℃~+150℃ 13V 15.9V 18.6A@10/1000us 1uA 21.5V 400W@10/1000us Bidirectional IEC 61000-4-2 TVS DO-214AC(SMA) ESD and Surge Protection (TVS/ESD) ROHS | hongjiacheng | 58288 | 1+ | 5000+ | $0.0194 | Show More | Min: 1 | Full Reel: 5000 | Total: $0.03 | Add to My Part Lib | Use the Parts Calculator to determine the quantities you need to purchase.
C19077535	SMAJ15A	SMAJ15A | C19077535 | Extended | -55℃~+150℃ 1 15V 16.4A@10/1000us 18.5V 1uA 24.4V 400W@10/1000us IEC 61000-4-2 TVS Unidirectional DO-214AC(SMA) ESD and Surge Protection (TVS/ESD) ROHS | hongjiacheng | 23644 | 1+ | 5000+ | $0.0207 | Show More | Min: 1 | Full Reel: 5000 | Total: $0.04 | Add to My Part Lib | Use the Parts Calculator to determine the quantities you need to purchase.
C19077536	SMAJ15CA	SMAJ15CA | C19077536 | Extended | -55℃~+150℃ 1 15V 16.4A@10/1000us 18.5V 1uA 24.4V 400W@10/1000us Bidirectional IEC 61000-4-2 TVS DO-214AC(SMA) ESD and Surge Protection (TVS/ESD) ROHS | hongjiacheng | 420603 | 1+ | 5000+ | $0.0218 | Show More | Min: 1 | Full Reel: 5000 | Total: $0.04 | Add to My Part Lib | Use the Parts Calculator to determine the quantities you need to purchase.
C19077537	SMAJ16CA	SMAJ16CA | C19077537 | Extended | -55℃~+150℃ 15.4A 16V 19.7V 1uA 26V 400W@10/1000us Bidirectional IEC 61000-4-2 TVS DO-214AC(SMA) ESD and Surge Protection (TVS/ESD) ROHS | hongjiacheng | 40838 | 1+ | 5000+ | $0.0219 | Show More | Min: 1 | Full Reel: 5000 | Total: $0.04 | Add to My Part Lib | Use the Parts Calculator to determine the quantities you need to purchase.
C19077538	SMAJ18A	SMAJ18A | C19077538 | Extended | -55℃~+150℃ 1 13.7A 18V 1uA 22.1V 29.2V 400W IEC 61000-4-2 TVS Unidirectional DO-214AC(SMA) ESD and Surge Protection (TVS/ESD) ROHS | hongjiacheng | 24143 | 1+ | 5000+ | $0.0189 | Show More | Min: 1 | Full Reel: 5000 | Total: $0.03 | Add to My Part Lib | Use the Parts Calculator to determine the quantities you need to purchase.
C19077539	SMAJ18CA	SMAJ18CA | C19077539 | Extended | -55℃~+150℃ 13.7A@10/1000us 18V 1uA 22.1V 29.2V 400W@10/1000us Bidirectional IEC 61000-4-2 TVS DO-214AC(SMA) ESD and Surge Protection (TVS/ESD) ROHS | hongjiacheng | 31541 | 1+ | 5000+ | $0.0192 | Show More | Min: 1 | Full Reel: 5000 | Total: $0.04 | Add to My Part Lib | Use the Parts Calculator to determine the quantities you need to purchase.
C19077540	SMAJ20CA	SMAJ20CA | C19077540 | Extended | -55℃~+150℃ 12.3A@10/1000us 1uA 20V 24.5V 32.4V 400W@10/1000us Bidirectional IEC 61000-4-2 TVS DO-214AC(SMA) ESD and Surge Protection (TVS/ESD) ROHS | hongjiacheng | 29907 | 1+ | 5000+ | $0.0215 | Show More | Idle parts available | Min: 1 | Full Reel: 5000 | Total: $0.04 | Add to My Part Lib | Use the Parts Calculator to determine the quantities you need to purchase.
C19077541	SMAJ24A	SMAJ24A | C19077541 | Extended | 10.3A@10/1000us 1uA 24V 29.5V 38.9V 400W@10/1000us IEC 61000-4-2 TVS Unidirectional DO-214AC(SMA) ESD and Surge Protection (TVS/ESD) ROHS | hongjiacheng | 81662 | 1+ | 5000+ | $0.0219 | Show More | Min: 1 | Full Reel: 5000 | Total: $0.04 | Add to My Part Lib | Use the Parts Calculator to determine the quantities you need to purchase.
C19077542	SMAJ24CA	SMAJ24CA | C19077542 | Extended | -55℃~+150℃ 1 10.3A@10/1000us 1uA 24V 29.5V 38.9V 400W@10/1000us Bidirectional IEC 61000-4-2 TVS DO-214AC(SMA) ESD and Surge Protection (TVS/ESD) ROHS | hongjiacheng | 98854 | 1+ | 5000+ | $0.0203 | Show More | Min: 1 | Full Reel: 5000 | Total: $0.04 | Add to My Part Lib | Use the Parts Calculator to determine the quantities you need to purchase.
C19077543	SMAJ26A	SMAJ26A | C19077543 | Extended | -55℃~+150℃ 1 1uA 26V 31.9V 400W@10/1000us 42.1V 9.5A@10/1000us IEC 61000-4-2 TVS Unidirectional DO-214AC(SMA) ESD and Surge Protection (TVS/ESD) ROHS | hongjiacheng | 160253 | 1+ | 5000+ | $0.0215 | Show More | Min: 1 | Full Reel: 5000 | Total: $0.04 | Add to My Part Lib | Use the Parts Calculator to determine the quantities you need to purchase.
C19077544	SMAJ26CA	SMAJ26CA | C19077544 | Extended | 1 1uA 26V 31.9V 400W@10/1000us 42.1V 9.5A@10/1000us Bidirectional IEC 61000-4-2 TVS DO-214AC(SMA) ESD and Surge Protection (TVS/ESD) ROHS | hongjiacheng | 27895 | 1+ | 5000+ | $0.0170 | Show More | Min: 1 | Full Reel: 5000 | Total: $0.04 | Add to My Part Lib | Use the Parts Calculator to determine the quantities you need to purchase.
C19077545	SMAJ28A	SMAJ28A | C19077545 | Extended | -55℃~+150℃ 1 1uA 28V 34.4V 400W@10/1000us 45.4V 8.8A@10/1000us IEC 61000-4-2 TVS Unidirectional DO-214AC(SMA) ESD and Surge Protection (TVS/ESD) ROHS | hongjiacheng | 1875 | 1+ | 5000+ | $0.0179 | Show More | Min: 1 | Full Reel: 5000 | Total: $0.03 | Add to My Part Lib | Use the Parts Calculator to determine the quantities you need to purchase.
C19077546	SMAJ28CA	SMAJ28CA | C19077546 | Extended | -55℃~+150℃ 1uA 28V 34.4V 400W@10/1000us 45.4V 8.8A Bidirectional IEC 61000-4-2 TVS DO-214AC(SMA) ESD and Surge Protection (TVS/ESD) ROHS | hongjiacheng | 36339 | 1+ | 5000+ | $0.0195 | Show More | Min: 1 | Full Reel: 5000 | Total: $0.04 | Add to My Part Lib | Use the Parts Calculator to determine the quantities you need to purchase.
C19077547	SMAJ30A	SMAJ30A | C19077547 | Extended | -55℃~+150℃ 1 1uA 30V 36.8V 400W@10/1000us 48.4V 8.3A@10/1000us IEC 61000-4-2 TVS Unidirectional DO-214AC(SMA) ESD and Surge Protection (TVS/ESD) ROHS | hongjiacheng | 9653 | 1+ | 5000+ | $0.0215 | Show More | Min: 1 | Full Reel: 5000 | Total: $0.04 | Add to My Part Lib | Use the Parts Calculator to determine the quantities you need to purchase.
C19077548	SMAJ30CA	SMAJ30CA | C19077548 | Extended | -55℃~+150℃ 1uA 30V 36.8V 400W@10/1000us 48.4V 8.3A@10/1000us Bidirectional IEC 61000-4-2 TVS DO-214AC(SMA) ESD and Surge Protection (TVS/ESD) ROHS | hongjiacheng | 41941 | 1+ | 5000+ | $0.0194 | Show More | Min: 1 | Full Reel: 5000 | Total: $0.04 | Add to My Part Lib | Use the Parts Calculator to determine the quantities you need to purchase.
C19077549	SMAJ33CA	SMAJ33CA | C19077549 | Extended | -55℃~+150℃ 1uA 33V 40.6V 400W@10/1000us 53.3V 7.5A@10/1000us Bidirectional IEC 61000-4-2 TVS DO-214AC(SMA) ESD and Surge Protection (TVS/ESD) ROHS | hongjiacheng | 561795 | 1+ | 5000+ | $0.0187 | Show More | Min: 1 | Full Reel: 5000 | Total: $0.03 | Add to My Part Lib | Use the Parts Calculator to determine the quantities you need to purchase.
C19077550	SMAJ36A	SMAJ36A | C19077550 | Extended | -55℃~+150℃ 1 1uA 36V 400W@10/1000us 44.2V 58.1V 6.9A@10/1000us IEC 61000-4-2 TVS Unidirectional DO-214AC(SMA) ESD and Surge Protection (TVS/ESD) ROHS | hongjiacheng | 5326 | 1+ | 5000+ | $0.0211 | Show More | Min: 1 | Full Reel: 5000 | Total: $0.04 | Add to My Part Lib | Use the Parts Calculator to determine the quantities you need to purchase.
C19077551	SMAJ36CA	SMAJ36CA | C19077551 | Extended | -55℃~+150℃ 1 1uA 36V 400W@10/1000us 44.2V 58.1V 6.9A@10/1000us Bidirectional IEC 61000-4-2 TVS DO-214AC(SMA) ESD and Surge Protection (TVS/ESD) ROHS | hongjiacheng | 71603 | 1+ | 5000+ | $0.0200 | Show More | Min: 1 | Full Reel: 5000 | Total: $0.04 | Add to My Part Lib | Use the Parts Calculator to determine the quantities you need to purchase.
C19077552	SMAJ40CA	SMAJ40CA | C19077552 | Extended | -55℃~+150℃ 1 1uA 400W@10/1000us 40V 49.1V 6.2A@10/1000us 64.5V Bidirectional IEC 61000-4-2 TVS DO-214AC(SMA) ESD and Surge Protection (TVS/ESD) ROHS | hongjiacheng | 138811 | 1+ | 5000+ | $0.0189 | Show More | Min: 1 | Full Reel: 5000 | Total: $0.03 | Add to My Part Lib | Use the Parts Calculator to determine the quantities you need to purchase.
C19077553	SMAJ48CA	SMAJ48CA | C19077553 | Extended | -55℃~+150℃ 1uA 400W@10/1000us 48V 5.2A@10/1000us 58.9V 77.4V Bidirectional IEC 61000-4-2 TVS DO-214AC(SMA) ESD and Surge Protection (TVS/ESD) ROHS | hongjiacheng | 69970 | 1+ | 5000+ | $0.0216 | Show More | Min: 1 | Full Reel: 5000 | Total: $0.04 | Add to My Part Lib | Use the Parts Calculator to determine the quantities you need to purchase.
C19077554	SMAJ58A	SMAJ58A | C19077554 | Extended | -55℃~+150℃ 1uA 4.3A@10/1000us 400W@10/1000us 58V 71.2V 93.6V IEC 61000-4-2 TVS Unidirectional DO-214AC(SMA) ESD and Surge Protection (TVS/ESD) ROHS | hongjiacheng | 23348 | 1+ | 5000+ | $0.0277 | Show More | Min: 1 | Full Reel: 5000 | Total: $0.05 | Add to My Part Lib | Use the Parts Calculator to determine the quantities you need to purchase.
C19077555	P4SMA6.8CA	P4SMA6.8CA | C19077555 | Extended | -55℃~+150℃ 10.5V 1mA 38.1A@10/1000us 400W@10/1000us 5.8V 7.14V Bidirectional IEC 61000-4-2 TVS DO-214AC(SMA) ESD and Surge Protection (TVS/ESD) ROHS | hongjiacheng | 110924 | 1+ | 5000+ | $0.0210 | Show More | Min: 1 | Full Reel: 5000 | Total: $0.04 | Add to My Part Lib | Use the Parts Calculator to determine the quantities you need to purchase.
C19077556	SMBJ3.3A	SMBJ3.3A | C19077556 | Extended | -55℃~+150℃ 3.3V 6.5V 600W@10/1000us 600uA 75A@10/1000us 8V IEC 61000-4-2 TVS Unidirectional DO-214AA(SMB) ESD and Surge Protection (TVS/ESD) ROHS | hongjiacheng | 17391 | 1+ | 3000+ | $0.0702 | Show More | Min: 1 | Full Reel: 3000 | Total: $0.13 | Add to My Part Lib | Use the Parts Calculator to determine the quantities you need to purchase.
C19077557	SMBJ3.3CA	SMBJ3.3CA | C19077557 | Extended | -55℃~+150℃ 3.3V 6.5V 600W@10/1000us 600uA 75A@10/1000us 8V Bidirectional IEC 61000-4-2 TVS DO-214AA(SMB) ESD and Surge Protection (TVS/ESD) ROHS | hongjiacheng | 102646 | 1+ | 3000+ | $0.0703 | Show More | Min: 1 | Full Reel: 3000 | Total: $0.14 | Add to My Part Lib | Use the Parts Calculator to determine the quantities you need to purchase.
C19077558	SMBJ5.0A	SMBJ5.0A | C19077558 | Extended | -55℃~+150℃ 1 5V 600W@10/1000us 65.22A@10/1000us 7V 800uA 9.2V IEC 61000-4-2 TVS Unidirectional DO-214AA(SMB) ESD and Surge Protection (TVS/ESD) ROHS | hongjiacheng | 263454 | 1+ | 3000+ | $0.0250 | Show More | Idle parts available | Min: 1 | Full Reel: 3000 | Total: $0.04 | Add to My Part Lib | Use the Parts Calculator to determine the quantities you need to purchase.
C19077559	SMBJ5.0CA	SMBJ5.0CA | C19077559 | Extended | -55℃~+150℃ 5V 600W@10/1000us 65.22A@10/1000us 7V 800uA 9.2V Bidirectional IEC 61000-4-2 TVS DO-214AA(SMB) ESD and Surge Protection (TVS/ESD) ROHS | hongjiacheng | 340329 | 1+ | 3000+ | $0.0277 | Show More | Min: 1 | Full Reel: 3000 | Total: $0.06 | Add to My Part Lib | Use the Parts Calculator to determine the quantities you need to purchase.
C19077560	SMBJ6.0A	SMBJ6.0A | C19077560 | Extended | -55℃~+150℃ 10.3V 58.25A@10/1000us 600W@10/1000us 6V 7.37V 800uA IEC 61000-4-2 TVS Unidirectional DO-214AA(SMB) ESD and Surge Protection (TVS/ESD) ROHS | hongjiacheng | 258562 | 1+ | 3000+ | $0.0277 | Show More | Min: 1 | Full Reel: 3000 | Total: $0.06 | Add to My Part Lib | Use the Parts Calculator to determine the quantities you need to purchase.
C19077561	SMBJ6.0CA	SMBJ6.0CA | C19077561 | Extended | 1 10.3V 58.25A@10/1000us 600W@10/1000us 6V 7.37V 800uA Bidirectional IEC 61000-4-2 TVS DO-214AA(SMB) ESD and Surge Protection (TVS/ESD) ROHS | hongjiacheng | 1675790 | 1+ | 3000+ | $0.0259 | Show More | Min: 1 | Full Reel: 3000 | Total: $0.05 | Add to My Part Lib | Use the Parts Calculator to determine the quantities you need to purchase.
C19077563	SMBJ7.0A	SMBJ7.0A | C19077563 | Extended | -55℃~+150℃ 12V 200uA 50A@10/1000us 600W@10/1000us 7V 8.6V IEC 61000-4-2 TVS Unidirectional DO-214AA(SMB) ESD and Surge Protection (TVS/ESD) ROHS | hongjiacheng | 34265 | 1+ | 3000+ | $0.0288 | Show More | Min: 1 | Full Reel: 3000 | Total: $0.05 | Add to My Part Lib | Use the Parts Calculator to determine the quantities you need to purchase.
C19077564	SMBJ7.0CA	SMBJ7.0CA | C19077564 | Extended | 12V 200uA 50A@10/1000us 600W@10/1000us 7V 8.6V Bidirectional IEC 61000-4-2 TVS DO-214AA(SMB) ESD and Surge Protection (TVS/ESD) ROHS | hongjiacheng | 36341 | 1+ | 3000+ | $0.0302 | Show More | Min: 1 | Full Reel: 3000 | Total: $0.05 | Add to My Part Lib | Use the Parts Calculator to determine the quantities you need to purchase.
C19077565	SMBJ12A	SMBJ12A | C19077565 | Extended | -55℃~+150℃ 12V 14.7V 19.9V 30.15A@10/1000us 5uA 600W@10/1000us IEC 61000-4-2 TVS Unidirectional DO-214AA(SMB) ESD and Surge Protection (TVS/ESD) ROHS | hongjiacheng | 25128 | 1+ | 3000+ | $0.0307 | Show More | Min: 1 | Full Reel: 3000 | Total: $0.05 | Add to My Part Lib | Use the Parts Calculator to determine the quantities you need to purchase.
C19077566	SMBJ12CA	SMBJ12CA | C19077566 | Extended | -55℃~+150℃ 1 12V 14.7V 19.9V 30.15A@10/1000us 5uA 600W@10/1000us Bidirectional IEC 61000-4-2 TVS DO-214AA(SMB) ESD and Surge Protection (TVS/ESD) ROHS | hongjiacheng | 358052 | 1+ | 3000+ | $0.0242 | Show More | Min: 1 | Full Reel: 3000 | Total: $0.05 | Add to My Part Lib | Use the Parts Calculator to determine the quantities you need to purchase.
C19077567	SMBJ13A	SMBJ13A | C19077567 | Extended | -55℃~+150℃ 13V 15.9V 21.5V 27.91A@10/1000us 5uA 600W@10/1000us IEC 61000-4-2 TVS Unidirectional DO-214AA(SMB) ESD and Surge Protection (TVS/ESD) ROHS | hongjiacheng | 16838 | 1+ | 3000+ | $0.0288 | Show More | Min: 1 | Full Reel: 3000 | Total: $0.05 | Add to My Part Lib | Use the Parts Calculator to determine the quantities you need to purchase.
C19077568	SMBJ13CA	SMBJ13CA | C19077568 | Extended | -55℃~+150℃ 13V 15.9V 21.5V 27.91A@10/1000us 5uA 600W@10/1000us Bidirectional IEC 61000-4-2 TVS DO-214AA(SMB) ESD and Surge Protection (TVS/ESD) ROHS | hongjiacheng | 155078 | 1+ | 3000+ | $0.0314 | Show More | Min: 1 | Full Reel: 3000 | Total: $0.05 | Add to My Part Lib | Use the Parts Calculator to determine the quantities you need to purchase.
C19077569	SMBJ15A	SMBJ15A | C19077569 | Extended | -55℃~+150℃ 15V 18.5V 24.4V 24.59A@10/1000us 5uA 600W@10/1000us IEC 61000-4-2 TVS Unidirectional DO-214AA(SMB) ESD and Surge Protection (TVS/ESD) ROHS | hongjiacheng | 11315 | 1+ | 3000+ | $0.0263 | Show More | Min: 1 | Full Reel: 3000 | Total: $0.05 | Add to My Part Lib | Use the Parts Calculator to determine the quantities you need to purchase.
C19077570	SMBJ15CA	SMBJ15CA | C19077570 | Extended | -55℃~+150℃ 15V 18.5V 24.4V 24.59A@10/1000us 5uA 600W@10/1000us Bidirectional IEC 61000-4-2 TVS DO-214AA(SMB) ESD and Surge Protection (TVS/ESD) ROHS | hongjiacheng | 112287 | 1+ | 3000+ | $0.0248 | Show More | Min: 1 | Full Reel: 3000 | Total: $0.05 | Add to My Part Lib | Use the Parts Calculator to determine the quantities you need to purchase.
C19077571	SMBJ16A	SMBJ16A | C19077571 | Extended | 16V 19.7V 23.08A 26V 5uA 600W@10/1000us IEC 61000-4-2 TVS Unidirectional DO-214AA(SMB) ESD and Surge Protection (TVS/ESD) ROHS | hongjiacheng | 162260 | 1+ | 3000+ | $0.0271 | Show More | Min: 1 | Full Reel: 3000 | Total: $0.05 | Add to My Part Lib | Use the Parts Calculator to determine the quantities you need to purchase.
C19077572	SMBJ16CA	SMBJ16CA | C19077572 | Extended | -55℃~+150℃ 16V 19.7V 23.08A@10/1000us 26V 5uA 600W@10/1000us Bidirectional IEC 61000-4-2 TVS DO-214AA(SMB) ESD and Surge Protection (TVS/ESD) ROHS | hongjiacheng | 52410 | 1+ | 3000+ | $0.0263 | Show More | Min: 1 | Full Reel: 3000 | Total: $0.05 | Add to My Part Lib | Use the Parts Calculator to determine the quantities you need to purchase.
C19077573	SMBJ18A	SMBJ18A | C19077573 | Extended | -55℃~+150℃ 18V 20.55A@10/1000us 22.1V 29.2V 5uA 600W@10/1000us IEC 61000-4-2 TVS Unidirectional DO-214AA(SMB) ESD and Surge Protection (TVS/ESD) ROHS | hongjiacheng | 3799 | 1+ | 3000+ | $0.0283 | Show More | Min: 1 | Full Reel: 3000 | Total: $0.05 | Add to My Part Lib | Use the Parts Calculator to determine the quantities you need to purchase.
C19077574	SMBJ18CA	SMBJ18CA | C19077574 | Extended | -55℃~+150℃ 18V 20.55A 22.1V 29.2V 5uA 600W@10/1000us Bidirectional IEC 61000-4-2 TVS DO-214AA(SMB) ESD and Surge Protection (TVS/ESD) ROHS | hongjiacheng | 34835 | 1+ | 3000+ | $0.0261 | Show More | Min: 1 | Full Reel: 3000 | Total: $0.05 | Add to My Part Lib | Use the Parts Calculator to determine the quantities you need to purchase.
C19077575	SMBJ20A	SMBJ20A | C19077575 | Extended | -55℃~+150℃ 18.52A@10/1000us 20V 24.5V 32.4V 5uA 600W@10/1000us IEC 61000-4-2 TVS Unidirectional DO-214AA(SMB) ESD and Surge Protection (TVS/ESD) ROHS | hongjiacheng | 1502 | 1+ | 3000+ | $0.0293 | Show More | Min: 1 | Full Reel: 3000 | Total: $0.05 | Add to My Part Lib | Use the Parts Calculator to determine the quantities you need to purchase.
C19077576	SMBJ20CA	SMBJ20CA | C19077576 | Extended | 18.52A@10/1000us 20V 24.5V 32.4V 5uA 600W@10/1000us Bidirectional IEC 61000-4-2 TVS DO-214AA(SMB) ESD and Surge Protection (TVS/ESD) ROHS | hongjiacheng | 79843 | 1+ | 3000+ | $0.0286 | Show More | Min: 1 | Full Reel: 3000 | Total: $0.05 | Add to My Part Lib | Use the Parts Calculator to determine the quantities you need to purchase.
C19077602	P6SMB36CA	P6SMB36CA | C19077602 | Extended | -55℃~+150℃ 12A@10/1000us 30.8V 37.8V 49.9V 5uA 600W@10/1000us Bidirectional IEC 61000-4-2 TVS DO-214AA(SMB) ESD and Surge Protection (TVS/ESD) ROHS | hongjiacheng | 6715 | 1+ | 3000+ | $0.0286 | Show More | Min: 1 | Full Reel: 3000 | Total: $0.05 | Add to My Part Lib | Use the Parts Calculator to determine the quantities you need to purchase.
C19077603	SMCJ15CA	SMCJ15CA | C19077603 | Extended | -55℃~+150℃ 1.5kW@10/1000us 15V 18.5V 1uA 24.4V 61.5A Bidirectional IEC 61000-4-2 TVS SMC(DO-214AB) ESD and Surge Protection (TVS/ESD) ROHS | hongjiacheng | 19796 | 1+ | 3000+ | $0.0617 | Show More | Min: 1 | Full Reel: 3000 | Total: $0.12 | Add to My Part Lib | Use the Parts Calculator to determine the quantities you need to purchase.
C19077604	SMCJ24A	SMCJ24A | C19077604 | Extended | -55℃~+150℃ 1.5kW@10/1000us 1uA 24V 29.5V 38.6A@10/1000us 38.9V IEC 61000-4-2 TVS Unidirectional SMC(DO-214AB) ESD and Surge Protection (TVS/ESD) ROHS | hongjiacheng | 53496 | 1+ | 3000+ | $0.0563 | Show More | Min: 1 | Full Reel: 3000 | Total: $0.10 | Add to My Part Lib | Use the Parts Calculator to determine the quantities you need to purchase.
C19077605	SMCJ26CA	SMCJ26CA | C19077605 | Extended | -55℃~+150℃ 1.5kW@10/1000us 1uA 26V 31.9V 35.7A@10/1000us 42.1V Bidirectional IEC 61000-4-2 TVS SMC(DO-214AB) ESD and Surge Protection (TVS/ESD) ROHS | hongjiacheng | 70186 | 1+ | 3000+ | $0.0654 | Show More | Min: 1 | Full Reel: 3000 | Total: $0.12 | Add to My Part Lib | Use the Parts Calculator to determine the quantities you need to purchase.
C19077606	SMCJ28CA	SMCJ28CA | C19077606 | Extended | -55℃~+150℃ 1.5kW@10/1000us 1uA 28V 33.1A@10/1000us 34.4V 45.4V Bidirectional IEC 61000-4-2 TVS SMC(DO-214AB) ESD and Surge Protection (TVS/ESD) ROHS | hongjiacheng | 5203 | 1+ | 3000+ | $0.0625 | Show More | Min: 1 | Full Reel: 3000 | Total: $0.12 | Add to My Part Lib | Use the Parts Calculator to determine the quantities you need to purchase.
C19077607	SMCJ30CA	SMCJ30CA | C19077607 | Extended | -55℃~+150℃ 1.5kW@10/1000us 1uA 30V 31A@10/1000us 36.8V 48.4V Bidirectional IEC 61000-4-2 TVS SMC(DO-214AB) ESD and Surge Protection (TVS/ESD) ROHS | hongjiacheng | 33217 | 1+ | 3000+ | $0.0628 | Show More | Min: 1 | Full Reel: 3000 | Total: $0.12 | Add to My Part Lib | Use the Parts Calculator to determine the quantities you need to purchase.
C19077608	SMCJ33CA	SMCJ33CA | C19077608 | Extended | -55℃~+150℃ 1.5kW@10/1000us 1uA 28.2A@10/1000us 33V 40.6V 53.3V Bidirectional IEC 61000-4-2 TVS SMC(DO-214AB) ESD and Surge Protection (TVS/ESD) ROHS | hongjiacheng | 14715 | 1+ | 3000+ | $0.0582 | Show More | Min: 1 | Full Reel: 3000 | Total: $0.12 | Add to My Part Lib | Use the Parts Calculator to determine the quantities you need to purchase.
C19077609	SMCJ36CA	SMCJ36CA | C19077609 | Extended | -55℃~+150℃ 1.5kW@10/1000us 1uA 25.9A@10/1000us 36V 44.2V 58.1V Bidirectional IEC 61000-4-2 TVS SMC(DO-214AB) ESD and Surge Protection (TVS/ESD) ROHS | hongjiacheng | 172911 | 1+ | 3000+ | $0.0587 | Show More | Min: 1 | Full Reel: 3000 | Total: $0.12 | Add to My Part Lib | Use the Parts Calculator to determine the quantities you need to purchase.
C19077610	SMCJ40CA	SMCJ40CA | C19077610 | Extended | -55℃~+150℃ 1.5kW@10/1000us 1uA 23.3A@10/1000us 40V 49.1V 64.5V Bidirectional IEC 61000-4-2 TVS SMC(DO-214AB) ESD and Surge Protection (TVS/ESD) ROHS | hongjiacheng | 19507 | 1+ | 3000+ | $0.0572 | Show More | Min: 1 | Full Reel: 3000 | Total: $0.11 | Add to My Part Lib | Use the Parts Calculator to determine the quantities you need to purchase.
C19077611	SMCJ48A	SMCJ48A | C19077611 | Extended | -55℃~+150℃ 1.5kW@10/1000us 19.4A 1uA 48V 58.9V 77.4V IEC 61000-4-2 TVS Unidirectional SMC(DO-214AB) ESD and Surge Protection (TVS/ESD) ROHS | hongjiacheng | 31197 | 1+ | 3000+ | $0.0579 | Show More | Min: 1 | Full Reel: 3000 | Total: $0.11 | Add to My Part Lib | Use the Parts Calculator to determine the quantities you need to purchase.
C20615778	H3V3L06B	H3V3L06B | C20615778 | Extended | -55℃~+125℃ 10V 12pF 200nA 3.3V 6V 80W@8/20us 8A@8/20us Bidirectional ESD IEC 61000-4-2、IEC 61000-4-5 DFN0603-2L ESD and Surge Protection (TVS/ESD) ROHS | hongjiacheng | 3032 | 1+ | 15000+ | $0.0068 | Show More | Min: 1 | Full Reel: 15000 | Total: $0.01 | Add to My Part Lib | Use the Parts Calculator to determine the quantities you need to purchase.
C20615779	H5VN06B	H5VN06B | C20615779 | Extended | -55℃~+125℃ 100W@8/20us 12.5V 15pF 500nA 5V 8A@8/20us 9V Bidirectional ESD IEC 61000-4-2、IEC 61000-4-5 DFN0603-2L ESD and Surge Protection (TVS/ESD) ROHS | hongjiacheng | 6821 | 1+ | 15000+ | $0.0066 | Show More | Min: 1 | Full Reel: 15000 | Total: $0.01 | Add to My Part Lib | Use the Parts Calculator to determine the quantities you need to purchase.
C20615780	H5VU06B	H5VU06B | C20615780 | Extended | -55℃~+125℃ 0.5pF 125W@8/20us 200nA 25V 5A@8/20us 5V 9V Bidirectional ESD IEC 61000-4-2、IEC 61000-4-5 DFN0603-2L ESD and Surge Protection (TVS/ESD) ROHS | hongjiacheng | 14837 | 1+ | 15000+ | $0.0106 | Show More | Min: 1 | Full Reel: 15000 | Total: $0.02 | Add to My Part Lib | Use the Parts Calculator to determine the quantities you need to purchase.
C20615781	H3V3L10B	H3V3L10B | C20615781 | Extended | -55℃~+155℃ 11V 20pF 3.3V 5.5V 500nA 85W@8/20us 8A@8/20us Bidirectional ESD IEC 61000-4-2、IEC 61000-4-5 DFN1006-2L ESD and Surge Protection (TVS/ESD) ROHS | hongjiacheng | 1185332 | 1+ | 10000+ | $0.0067 | Show More | Min: 1 | Full Reel: 10000 | Total: $0.01 | Add to My Part Lib | Use the Parts Calculator to determine the quantities you need to purchase.
C20615782	H3V3U10B	H3V3U10B | C20615782 | Extended | -55℃~+125℃ 0.3pF 125W@8/20us 200nA 25V 3.3V 5A@8/20us 6V Bidirectional ESD IEC 61000-4-2、IEC 61000-4-5 DFN1006-2L ESD and Surge Protection (TVS/ESD) ROHS | hongjiacheng | 108909 | 1+ | 10000+ | $0.0152 | Show More | Min: 1 | Full Reel: 10000 | Total: $0.03 | Add to My Part Lib | Use the Parts Calculator to determine the quantities you need to purchase.
C20615783	H4V5N10B	H4V5N10B | C20615783 | Extended | -55℃~+125℃ 100nA 11V 4.5V 45A@8/20us 560W@8/20us 60pF 7.5V Bidirectional ESD IEC 61000-4-2、IEC 61000-4-5 DFN1006-2L ESD and Surge Protection (TVS/ESD) ROHS | hongjiacheng | 126610 | 1+ | 10000+ | $0.0109 | Show More | Min: 1 | Full Reel: 10000 | Total: $0.02 | Add to My Part Lib | Use the Parts Calculator to determine the quantities you need to purchase.
C20615784	H5VL10BC	H5VL10BC | C20615784 | Extended | -55℃~+125℃ 100nA 12V 12pF 5V 8A@8/20us 95W@8/20us 9V Bidirectional ESD IEC 61000-4-2、IEC 61000-4-5 DFN1006-2L ESD and Surge Protection (TVS/ESD) ROHS | hongjiacheng | 97919 | 1+ | 10000+ | $0.0046 | Show More | Min: 1 | Full Reel: 10000 | Total: $0.01 | Add to My Part Lib | Use the Parts Calculator to determine the quantities you need to purchase.
C20615785	H5VS10BC	H5VS10BC | C20615785 | Extended | -55℃~+125℃ 10V 12V 2.5pF 200nA 25W@8/20us 2A@8/20us 5V Bidirectional ESD IEC 61000-4-2、IEC 61000-4-5 DFN1006-2L ESD and Surge Protection (TVS/ESD) ROHS | hongjiacheng | 2825 | 1+ | 10000+ | $0.0059 | Show More | Min: 1 | Full Reel: 10000 | Total: $0.01 | Add to My Part Lib | Use the Parts Calculator to determine the quantities you need to purchase.
C20615786	H5VU10BB	H5VU10BB | C20615786 | Extended | -55℃~+125℃ 0.3pF 10V 120W@8/20us 200nA 24V 5A@8/20us 5V Bidirectional ESD IEC 61000-4-2、IEC 61000-4-5 DFN1006-2L ESD and Surge Protection (TVS/ESD) ROHS | hongjiacheng | 36738 | 1+ | 10000+ | $0.0105 | Show More | Min: 1 | Full Reel: 10000 | Total: $0.02 | Add to My Part Lib | Use the Parts Calculator to determine the quantities you need to purchase.
C20615787	H7VL10B	H7VL10B | C20615787 | Extended | -55℃~+155℃ 10V 12A@8/20us 16.7V 200W@8/20us 200nA 20pF 7V Bidirectional ESD IEC 61000-4-2、IEC 61000-4-5 DFN1006-2L ESD and Surge Protection (TVS/ESD) ROHS | hongjiacheng | 1991 | 1+ | 10000+ | $0.0077 | Show More | Min: 1 | Full Reel: 10000 | Total: $0.01 | Add to My Part Lib | Use the Parts Calculator to determine the quantities you need to purchase.
C20615788	H7VN10B	H7VN10B | C20615788 | Extended | -55℃~+125℃ 200nA 22pF 6A@8/20us 7V 80W@8/20us 9.6V 9V、14V Bidirectional ESD IEC 61000-4-2、IEC 61000-4-5 DFN1006-2L ESD and Surge Protection (TVS/ESD) ROHS | hongjiacheng | 5929 | 1+ | 10000+ | $0.0071 | Show More | Min: 1 | Full Reel: 10000 | Total: $0.01 | Add to My Part Lib | Use the Parts Calculator to determine the quantities you need to purchase.
C20615790	H12VL10B	H12VL10B | C20615790 | Extended | -55℃~+125℃ 12V 12pF 15.8V 200W@8/20us 200nA 25.5V 8A@8/20us Bidirectional ESD IEC 61000-4-2、IEC 61000-4-5 DFN1006-2L ESD and Surge Protection (TVS/ESD) ROHS | hongjiacheng | 413117 | 1+ | 10000+ | $0.0068 | Show More | Min: 1 | Full Reel: 10000 | Total: $0.01 | Add to My Part Lib | Use the Parts Calculator to determine the quantities you need to purchase.
C20615791	H15VL10B	H15VL10B | C20615791 | Extended | -55℃~+125℃ 15V 19.5V 200nA 20pF 320W@8/20us 40V 8A@8/20us Bidirectional ESD IEC 61000-4-2、IEC 61000-4-5 DFN1006-2L ESD and Surge Protection (TVS/ESD) ROHS | hongjiacheng | 20316 | 1+ | 10000+ | $0.0095 | Show More | Min: 1 | Full Reel: 10000 | Total: $0.02 | Add to My Part Lib | Use the Parts Calculator to determine the quantities you need to purchase.
C20615792	H15VU10B	H15VU10B | C20615792 | Extended | -55℃~+125℃ 0.3pF 15V 2.5A@8/20us 200nA 21.5V 35V 90W@8/20us Bidirectional ESD IEC 61000-4-2、IEC 61000-4-5 DFN1006-2L ESD and Surge Protection (TVS/ESD) ROHS | hongjiacheng | 932 | 1+ | 10000+ | $0.0110 | Show More | Min: 1 | Full Reel: 10000 | Total: $0.02 | Add to My Part Lib | Use the Parts Calculator to determine the quantities you need to purchase.
C20615793	H18VU10B	H18VU10B | C20615793 | Extended | -55℃~+125℃ 0.6pF 18V 2.5A@8/20us 20.5V 200nA 33V 80W@8/20us Bidirectional ESD IEC 61000-4-2、IEC 61000-4-5 DFN1006-2L ESD and Surge Protection (TVS/ESD) ROHS | hongjiacheng | 9345 | 1+ | 10000+ | $0.0114 | Show More | Min: 1 | Full Reel: 10000 | Total: $0.02 | Add to My Part Lib | Use the Parts Calculator to determine the quantities you need to purchase.
C20615820	H5VUD5BB	H5VUD5BB | C20615820 | Extended | -55℃~+125℃ 0.3pF 10V 125W@8/20us 200nA 25V 5A@8/20us 5V Bidirectional ESD IEC 61000-4-2、IEC 61000-4-5 SOD-523 ESD and Surge Protection (TVS/ESD) ROHS | hongjiacheng | 263142 | 1+ | 8000+ | $0.0163 | Show More | Min: 1 | Full Reel: 8000 | Total: $0.03 | Add to My Part Lib | Use the Parts Calculator to determine the quantities you need to purchase.
C20615821	H7VND5U	H7VND5U | C20615821 | Extended | -55℃~+125℃ 175W@8/20us 1uA 22V 65pF 7V 8A@8/20us 9.5V ESD IEC 61000-4-2、IEC 61000-4-5 Unidirectional SOD-523 ESD and Surge Protection (TVS/ESD) ROHS | hongjiacheng | 20550 | 1+ | 8000+ | $0.0099 | Show More | Min: 1 | Full Reel: 8000 | Total: $0.01 | Add to My Part Lib | Use the Parts Calculator to determine the quantities you need to purchase.
C20615822	H36VND5U	H36VND5U | C20615822 | Extended | -55℃~+125℃ 200nA 260W@8/20us 30pF 36V 45V 4A@8/20us 65V ESD IEC 61000-4-2、IEC 61000-4-5 Unidirectional SOD-523 ESD and Surge Protection (TVS/ESD) ROHS | hongjiacheng | 13654 | 1+ | 8000+ | $0.0104 | Show More | Min: 1 | Full Reel: 8000 | Total: $0.02 | Add to My Part Lib | Use the Parts Calculator to determine the quantities you need to purchase.
C20615823	H5VHT2U	H5VHT2U | C20615823 | Extended | -55℃~+125℃ 14V 180pF 200nA 25A@8/20us 350W@8/20us 5V 9V ESD IEC 61000-4-2、IEC 61000-4-5 Unidirectional SOT-23 ESD and Surge Protection (TVS/ESD) ROHS | hongjiacheng | 9790 | 1+ | 3000+ | $0.0151 | Show More | Min: 1 | Full Reel: 3000 | Total: $0.03 | Add to My Part Lib | Use the Parts Calculator to determine the quantities you need to purchase.
C20615824	H5VUT2U	H5VUT2U | C20615824 | Extended | -55℃~+125℃ 0.3pF、0.6pF 16V 200nA 5A@8/20us 5V 80W@8/20us 9V ESD IEC 61000-4-2、IEC 61000-4-5 Unidirectional SOT-23 ESD and Surge Protection (TVS/ESD) ROHS | hongjiacheng | 19020 | 1+ | 3000+ | $0.0171 | Show More | Min: 1 | Full Reel: 3000 | Total: $0.03 | Add to My Part Lib | Use the Parts Calculator to determine the quantities you need to purchase.
C20615825	H8VNT2B	H8VNT2B | C20615825 | Extended | -55℃~+125℃ 12V 1uA 20A@8/20us 25V 500W@8/20us 60pF 8V Bidirectional ESD IEC 61000-4-2、IEC 61000-4-5 SOT-23 ESD and Surge Protection (TVS/ESD) ROHS | hongjiacheng | 62311 | 1+ | 3000+ | $0.0248 | Show More | Min: 1 | Full Reel: 3000 | Total: $0.04 | Add to My Part Lib | Use the Parts Calculator to determine the quantities you need to purchase.
C20615826	H12VNT2U	H12VNT2U | C20615826 | Extended | -55℃~+125℃ 1.26kW@8/20us 12V 16V 1uA 35A@8/20us 36V 60pF ESD IEC 61000-4-2、IEC 61000-4-5 Unidirectional SOT-23 ESD and Surge Protection (TVS/ESD) ROHS | hongjiacheng | 13772 | 1+ | 3000+ | $0.0120 | Show More | Min: 1 | Full Reel: 3000 | Total: $0.02 | Add to My Part Lib | Use the Parts Calculator to determine the quantities you need to purchase.
C20615827	H24VNT2B	H24VNT2B | C20615827 | Extended | -55℃~+125℃ 1uA 24V 30V 36pF 385W@8/20us 55V 7A@8/20us Bidirectional ESD IEC 61000-4-2、IEC 61000-4-5 SOT-23 ESD and Surge Protection (TVS/ESD) ROHS | hongjiacheng | 1 | Est. unit price: | $0.0347 | Min: 247 | Total: $8.57 | Pre-order | Use the Parts Calculator to determine the quantities you need to purchase.
C20615828	H36VLT2B	H36VLT2B | C20615828 | Extended | 18pF 1uA 300W@8/20us 36V 45V 4A@8/20us 75V Bidirectional ESD IEC 61000-4-2、IEC 61000-4-5 SOT-23 ESD and Surge Protection (TVS/ESD) ROHS | hongjiacheng | 7420 | 1+ | 3000+ | $0.0258 | Show More | Min: 1 | Full Reel: 3000 | Total: $0.04 | Add to My Part Lib | Use the Parts Calculator to determine the quantities you need to purchase.
C20615829	SRV05-4A	SRV05-4A | C20615829 | Extended | -55℃~+155℃ 0.5pF、1pF 15V 4A@8/20us 5V 5uA 6V 80W@8/20us ESD IEC 61000-4-2、IEC 61000-4-5 Unidirectional SOT-23-6L ESD and Surge Protection (TVS/ESD) ROHS | hongjiacheng | 31887 | 1+ | 3000+ | $0.0235 | Show More | Idle parts available | Min: 1 | Full Reel: 3000 | Total: $0.03 | Add to My Part Lib | Use the Parts Calculator to determine the quantities you need to purchase.
C20615830	H5VUT3UA	H5VUT3UA | C20615830 | Extended | -55℃~+125℃ 0.4pF、0.8pF 15V 500nA 5A@8/20us 5V 6V 75W@8/20us ESD IEC 61000-4-2、IEC 61000-4-5 Unidirectional SOT-363 ESD and Surge Protection (TVS/ESD) ROHS | hongjiacheng | 17121 | 1+ | 3000+ | $0.0417 | Show More | Min: 1 | Full Reel: 3000 | Total: $0.07 | Add to My Part Lib | Use the Parts Calculator to determine the quantities you need to purchase.
C20617908	H3V3U06B	H3V3U06B | C20617908 | Extended | -55℃~+125℃ 0.5pF 125W@8/20us 200nA 25V 3.3V 5A@8/20us 9V Bidirectional ESD IEC 61000-4-2、IEC 61000-4-5 DFN0603-2L ESD and Surge Protection (TVS/ESD) ROHS | hongjiacheng | 27476 | 1+ | 15000+ | $0.0101 | Show More | Min: 1 | Full Reel: 15000 | Total: $0.02 | Add to My Part Lib | Use the Parts Calculator to determine the quantities you need to purchase.
C20617909	H3V3N10B	H3V3N10B | C20617909 | Extended | -55℃~+125℃ 10V 12.5pF 3.3V 50nA 6V 80W@8/20us 8A@8/20us Bidirectional ESD IEC 61000-4-2、IEC 61000-4-5 DFN1006-2L ESD and Surge Protection (TVS/ESD) ROHS | hongjiacheng | 15478 | 1+ | 10000+ | $0.0071 | Show More | Min: 1 | Full Reel: 10000 | Total: $0.01 | Add to My Part Lib | Use the Parts Calculator to determine the quantities you need to purchase.
C20617910	H4S5N10B	H4S5N10B | C20617910 | Extended | -55℃~+125℃ 100nA 100pF 15V 4.5V 5.5V 55A@8/20us 825W@8/20us Bidirectional ESD IEC 61000-4-2、IEC 61000-4-5 DFN1006-2L ESD and Surge Protection (TVS/ESD) ROHS | hongjiacheng | 8624 | 1+ | 10000+ | $0.0203 | Show More | Min: 1 | Full Reel: 10000 | Total: $0.04 | Add to My Part Lib | Use the Parts Calculator to determine the quantities you need to purchase.
C20617911	H5VS10BA	H5VS10BA | C20617911 | Extended | -55℃~+125℃ 10V 200nA 3.5A@8/20us 35W@8/20us 5.5pF 5V 8V Bidirectional ESD IEC 61000-4-2、IEC 61000-4-5 DFN1006-2L ESD and Surge Protection (TVS/ESD) ROHS | hongjiacheng | 31715 | 1+ | 10000+ | $0.0055 | Show More | Min: 1 | Full Reel: 10000 | Total: $0.01 | Add to My Part Lib | Use the Parts Calculator to determine the quantities you need to purchase.
C20617912	H24VL10B	H24VL10B | C20617912 | Extended | -55℃~+125℃ 200nA 20pF 24V 31V 480W@8/20us 60V 8A@8/20us Bidirectional ESD IEC 61000-4-2、IEC 61000-4-5 DFN1006-2L ESD and Surge Protection (TVS/ESD) ROHS | hongjiacheng | 282001 | 1+ | 10000+ | $0.0142 | Show More | Min: 1 | Full Reel: 10000 | Total: $0.03 | Add to My Part Lib | Use the Parts Calculator to determine the quantities you need to purchase.
C20617913	H5VH16U	H5VH16U | C20617913 | Extended | -55℃~+125℃ 1.95kW@8/20us 130A@8/20us 15V 1nF 1uA 5V 6V ESD IEC 61000-4-2、IEC 61000-4-5 Unidirectional DFN1610-2L ESD and Surge Protection (TVS/ESD) ROHS | hongjiacheng | 12172 | 1+ | 3000+ | $0.0267 | Show More | Min: 1 | Full Reel: 3000 | Total: $0.04 | Add to My Part Lib | Use the Parts Calculator to determine the quantities you need to purchase.
C20617914	H20VH16U	H20VH16U | C20617914 | Extended | -55℃~+125℃ 1.2kW@8/20us 20V 25.2V 32A@8/20us 38V 500nA 60pF ESD IEC 61000-4-2、IEC 61000-4-5 Unidirectional DFN1610-2L ESD and Surge Protection (TVS/ESD) ROHS | hongjiacheng | 4169 | 1+ | 3000+ | $0.0242 | Show More | Min: 1 | Full Reel: 3000 | Total: $0.04 | Add to My Part Lib | Use the Parts Calculator to determine the quantities you need to purchase.
C20617915	H3V3HD3B	H3V3HD3B | C20617915 | Extended | -55℃~+155℃ 100pF 17V 25A@8/20us 3.3V 375W@8/20us 500nA 8V Bidirectional ESD IEC 61000-4-2、IEC 61000-4-5 SOD-323 ESD and Surge Protection (TVS/ESD) ROHS | hongjiacheng | 194630 | 1+ | 3000+ | $0.0151 | Show More | Min: 1 | Full Reel: 3000 | Total: $0.03 | Add to My Part Lib | Use the Parts Calculator to determine the quantities you need to purchase.
C20617916	H4V5HD3U	H4V5HD3U | C20617916 | Extended | -55℃~+125℃ 185A@8/20us 2.775kW@8/20us 200nA 4.5V 600pF 7V 7V、15V ESD IEC 61000-4-2、IEC 61000-4-5 Unidirectional SOD-323 ESD and Surge Protection (TVS/ESD) ROHS | hongjiacheng | 335 | Est. unit price: | $0.0402 | Min: 214 | Total: $8.60 | Pre-order | Use the Parts Calculator to determine the quantities you need to purchase.
C20617917	H5VHD3UA	H5VHD3UA | C20617917 | Extended | -55℃~+125℃ 130A@8/20us 16V 1uA 2.08kW@8/20us 5V 850pF 9V ESD IEC 61000-4-2、IEC 61000-4-5 Unidirectional SOD-323 ESD and Surge Protection (TVS/ESD) ROHS | hongjiacheng | 2621 | 1+ | 3000+ | $0.0280 | Show More | Min: 1 | Full Reel: 3000 | Total: $0.04 | Add to My Part Lib | Use the Parts Calculator to determine the quantities you need to purchase.
C20617918	H5VHD3U	H5VHD3U | C20617918 | Extended | -55℃~+125℃ 14V 185pF 200nA 25A@8/20us 350W@8/20us 5V 9V ESD IEC 61000-4-2、IEC 61000-4-5 Unidirectional SOD-323 ESD and Surge Protection (TVS/ESD) ROHS | hongjiacheng | 78070 | 1+ | 3000+ | $0.0124 | Show More | Idle parts available | Min: 1 | Full Reel: 3000 | Total: $0.02 | Add to My Part Lib | Use the Parts Calculator to determine the quantities you need to purchase.
C20617919	H12VHD3U	H12VHD3U | C20617919 | Extended | -55℃~+125℃ 1.26kW@8/20us 12V 15V 200nA 35A@8/20us 36V 85pF ESD IEC 61000-4-2、IEC 61000-4-5 Unidirectional SOD-323 ESD and Surge Protection (TVS/ESD) ROHS | hongjiacheng | 13489 | 1+ | 3000+ | $0.0124 | Show More | Min: 1 | Full Reel: 3000 | Total: $0.02 | Add to My Part Lib | Use the Parts Calculator to determine the quantities you need to purchase.
C20617920	H12VND3B	H12VND3B | C20617920 | Extended | -55℃~+155℃ 1.26kW@8/20us 12V 16.5V 1uA 35A@8/20us 36V 50pF Bidirectional ESD IEC 61000-4-2、IEC 61000-4-5 SOD-323 ESD and Surge Protection (TVS/ESD) ROHS | hongjiacheng | 21485 | 1+ | 3000+ | $0.0132 | Show More | Min: 1 | Full Reel: 3000 | Total: $0.02 | Add to My Part Lib | Use the Parts Calculator to determine the quantities you need to purchase.
C20617921	H5VUD5U	H5VUD5U | C20617921 | Extended | -55℃~+125℃ 0.8pF 15V 200nA 5A@8/20us 5V 75W@8/20us 9V ESD IEC 61000-4-2、IEC 61000-4-5 Unidirectional SOD-523 ESD and Surge Protection (TVS/ESD) ROHS | hongjiacheng | 25296 | 1+ | 8000+ | $0.0105 | Show More | Min: 1 | Full Reel: 8000 | Total: $0.02 | Add to My Part Lib | Use the Parts Calculator to determine the quantities you need to purchase.
C20617922	H12VND5U	H12VND5U | C20617922 | Extended | 100nA 12V 15A@8/20us 16V 24V 360W@8/20us 90pF ESD IEC 61000-4-2、IEC 61000-4-5 Unidirectional SOD-523 ESD and Surge Protection (TVS/ESD) ROHS | hongjiacheng | 81421 | 1+ | 8000+ | $0.0107 | Show More | Min: 1 | Full Reel: 8000 | Total: $0.02 | Add to My Part Lib | Use the Parts Calculator to determine the quantities you need to purchase.
C20617923	H3V3HT2B	H3V3HT2B | C20617923 | Extended | -55℃~+125℃ 100pF 15V 1uA 25A@8/20us 3.3V 350W@8/20us 7V Bidirectional ESD IEC 61000-4-2、IEC 61000-4-5 SOT-23 ESD and Surge Protection (TVS/ESD) ROHS | hongjiacheng | 42455 | 1+ | 3000+ | $0.0219 | Show More | Min: 1 | Full Reel: 3000 | Total: $0.03 | Add to My Part Lib | Use the Parts Calculator to determine the quantities you need to purchase.
C20617924	H3V3HT2U	H3V3HT2U | C20617924 | Extended | -55℃~+125℃ 14V 200pF 25A@8/20us 280W@8/20us 3.3V 500nA 7V ESD IEC 61000-4-2、IEC 61000-4-5 Unidirectional SOT-23 ESD and Surge Protection (TVS/ESD) ROHS | hongjiacheng | 18836 | 1+ | 3000+ | $0.0159 | Show More | Min: 1 | Full Reel: 3000 | Total: $0.03 | Add to My Part Lib | Use the Parts Calculator to determine the quantities you need to purchase.
C20617925	H5VNT2B	H5VNT2B | C20617925 | Extended | -55℃~+125℃ 100nA 12V 20pF 5V 8A@8/20us 8V 95W@8/20us Bidirectional ESD IEC 61000-4-2、IEC 61000-4-5 SOT-23 ESD and Surge Protection (TVS/ESD) ROHS | hongjiacheng | 115737 | 1+ | 3000+ | $0.0187 | Show More | Min: 1 | Full Reel: 3000 | Total: $0.03 | Add to My Part Lib | Use the Parts Calculator to determine the quantities you need to purchase.
C20617926	H5VHT2B	H5VHT2B | C20617926 | Extended | -55℃~+125℃ 16.7V 185pF 200nA 25A@8/20us 415W@8/20us 5V 8V Bidirectional ESD IEC 61000-4-2、IEC 61000-4-5 SOT-23 ESD and Surge Protection (TVS/ESD) ROHS | hongjiacheng | 2179 | 1+ | 3000+ | $0.0283 | Show More | Min: 1 | Full Reel: 3000 | Total: $0.05 | Add to My Part Lib | Use the Parts Calculator to determine the quantities you need to purchase.
C20617927	H12VNT2B	H12VNT2B | C20617927 | Extended | -55℃~+125℃ 1.26kW@8/20us 12V 16.5V 1uA 35A@8/20us 36V 60pF Bidirectional ESD IEC 61000-4-2、IEC 61000-4-5 SOT-23 ESD and Surge Protection (TVS/ESD) ROHS | hongjiacheng | 3831 | 1+ | 3000+ | $0.0219 | Show More | Min: 1 | Full Reel: 3000 | Total: $0.04 | Add to My Part Lib | Use the Parts Calculator to determine the quantities you need to purchase.
C20617928	H15VNT2B	H15VNT2B | C20617928 | Extended | -55℃~+125℃ 15V 19V 200nA 25pF 300W@8/20us 38.5V 8A@8/20us Bidirectional ESD IEC 61000-4-2、IEC 61000-4-5 SOT-23 ESD and Surge Protection (TVS/ESD) ROHS | hongjiacheng | 5598 | 1+ | 3000+ | $0.0275 | Show More | Min: 1 | Full Reel: 3000 | Total: $0.05 | Add to My Part Lib | Use the Parts Calculator to determine the quantities you need to purchase.
C22395515	H12VS06B	H12VS06B | C22395515 | Extended | -55℃~+125℃ 12V 16.5V 24V 3.5A@8/20us 3.5pF 500nA 85W@8/20us Bidirectional ESD IEC 61000-4-2、IEC 61000-4-5 DFN0603-2L ESD and Surge Protection (TVS/ESD) ROHS | hongjiacheng | 11915 | 1+ | 15000+ | $0.0114 | Show More | Min: 1 | Full Reel: 15000 | Total: $0.02 | Add to My Part Lib | Use the Parts Calculator to determine the quantities you need to purchase.
C22395516	H24VN10U	H24VN10U | C22395516 | Extended | 100nA 220W@8/20us 24V 25pF 30V 44V 5A@8/20us ESD IEC 61000-4-2、IEC 61000-4-5 Unidirectional DFN1006-2L ESD and Surge Protection (TVS/ESD) ROHS | hongjiacheng | 1750 | 1+ | 10000+ | $0.0156 | Show More | Min: 1 | Full Reel: 10000 | Total: $0.03 | Add to My Part Lib | Use the Parts Calculator to determine the quantities you need to purchase.
C22395517	H4V5H16U	H4V5H16U | C22395517 | Extended | -55℃~+125℃ 15V 185A@8/20us 2.775kW@8/20us 200nA 4.5V 650pF 7V ESD IEC 61000-4-2、IEC 61000-4-5 Unidirectional DFN1610-2L ESD and Surge Protection (TVS/ESD) ROHS | hongjiacheng | 65759 | 1+ | 3000+ | $0.0251 | Show More | Min: 1 | Full Reel: 3000 | Total: $0.03 | Add to My Part Lib | Use the Parts Calculator to determine the quantities you need to purchase.
C22395518	H4V5H22B	H4V5H22B | C22395518 | Extended | -55℃~+125℃ 1uA 280A@8/20us 4.5V 5.88kW@8/20us 650pF 6V 8.5V、21V Bidirectional ESD IEC 61000-4-2、IEC 61000-4-5 DFN2020-3L ESD and Surge Protection (TVS/ESD) ROHS | hongjiacheng | 5915 | 1+ | 3000+ | $0.0510 | Show More | Min: 1 | Full Reel: 3000 | Total: $0.09 | Add to My Part Lib | Use the Parts Calculator to determine the quantities you need to purchase.
C22395519	H5VU10U	H5VU10U | C22395519 | Extended | -55℃~+155℃ 0.8pF 16V 200nA 55W@8/20us 5A@8/20us 5V 6V ESD IEC 61000-4-2、IEC 61000-4-5 Unidirectional DFN1006-2L ESD and Surge Protection (TVS/ESD) ROHS | hongjiacheng | 9899 | 1+ | 10000+ | $0.0096 | Show More | Min: 1 | Full Reel: 10000 | Total: $0.02 | Add to My Part Lib | Use the Parts Calculator to determine the quantities you need to purchase.
C22395520	H5VUT1B	H5VUT1B | C22395520 | Extended | -55℃~+125℃ 0.3pF、0.6pF 15V 500nA 5A@8/20us 5V 6V 75W@8/20us Bidirectional ESD IEC 61000-4-2、IEC 61000-4-5 SOT-143 ESD and Surge Protection (TVS/ESD) ROHS | hongjiacheng | 4783 | 1+ | 3000+ | $0.0299 | Show More | Min: 1 | Full Reel: 3000 | Total: $0.05 | Add to My Part Lib | Use the Parts Calculator to determine the quantities you need to purchase.
C41376086	SMF36A	SMF36A | C41376086 | Extended | -55℃~+150℃ 1 1uA 200W 3.44A 36V 44.2V 58.1V IEC 61000-4-2 TVS Unidirectional SOD-123FL ESD and Surge Protection (TVS/ESD) ROHS | hongjiacheng | 16771 | 1+ | 3000+ | $0.0165 | Show More | Min: 1 | Full Reel: 3000 | Total: $0.03 | Add to My Part Lib | Use the Parts Calculator to determine the quantities you need to purchase.
C41376087	SMF13A	SMF13A | C41376087 | Extended | 1 13V 15.9V 1uA 200W 21.5V 9.3A IEC 61000-4-2 TVS Unidirectional SOD-123FL ESD and Surge Protection (TVS/ESD) ROHS | hongjiacheng | 56514 | 1+ | 3000+ | $0.0147 | Show More | Min: 1 | Full Reel: 3000 | Total: $0.03 | Add to My Part Lib | Use the Parts Calculator to determine the quantities you need to purchase.
C41376088	SMF7.0A	SMF7.0A | C41376088 | Extended | -55℃~+150℃ 1 100uA 12V 16.67A 200W 7V 8.6V IEC 61000-4-2 TVS Unidirectional SOD-123FL ESD and Surge Protection (TVS/ESD) ROHS | hongjiacheng | 25309 | 1+ | 3000+ | $0.0147 | Show More | Min: 1 | Full Reel: 3000 | Total: $0.03 | Add to My Part Lib | Use the Parts Calculator to determine the quantities you need to purchase.
C41376089	SMF6.5A	SMF6.5A | C41376089 | Extended | -55℃~+150℃ 1 11.2V 17.86A 200W 250uA 6.5V 7.98V IEC 61000-4-2 TVS Unidirectional SOD-123FL ESD and Surge Protection (TVS/ESD) ROHS | hongjiacheng | 34918 | 1+ | 3000+ | $0.0155 | Show More | Min: 1 | Full Reel: 3000 | Total: $0.03 | Add to My Part Lib | Use the Parts Calculator to determine the quantities you need to purchase.
C41376090	SMF26A	SMF26A | C41376090 | Extended | -55℃~+150℃ 1 1uA 200W 26V 31.9V 4.8A 42.1V IEC 61000-4-2 TVS Unidirectional SOD-123FL ESD and Surge Protection (TVS/ESD) ROHS | hongjiacheng | 130387 | 1+ | 3000+ | $0.0152 | Show More | Min: 1 | Full Reel: 3000 | Total: $0.03 | Add to My Part Lib | Use the Parts Calculator to determine the quantities you need to purchase.
C41376091	SMF28A	SMF28A | C41376091 | Extended | 1 1uA 200W 28V 34.4V 4.41A 45.4V IEC 61000-4-2 TVS Unidirectional SOD-123FL ESD and Surge Protection (TVS/ESD) ROHS | hongjiacheng | 3684 | 1+ | 3000+ | $0.0168 | Show More | Min: 1 | Full Reel: 3000 | Total: $0.03 | Add to My Part Lib | Use the Parts Calculator to determine the quantities you need to purchase.
C41376092	SMF60CA	SMF60CA | C41376092 | Extended | -55℃~+150℃ 1uA 2 2.1A 200W 60V 73.7V 96.8V Bidirectional IEC 61000-4-2 TVS SOD-123FL ESD and Surge Protection (TVS/ESD) ROHS | hongjiacheng | 115217 | 1+ | 3000+ | $0.0171 | Show More | Min: 1 | Full Reel: 3000 | Total: $0.03 | Add to My Part Lib | Use the Parts Calculator to determine the quantities you need to purchase.
C41376094	SMCJ6.0CA	SMCJ6.0CA | C41376094 | Extended | -55℃~+150℃ 1.5kW 10.3V 145.7A 2 6V 7.37V 800uA Bidirectional IEC 61000-4-2 TVS SMC(DO-214AB) ESD and Surge Protection (TVS/ESD) ROHS | hongjiacheng | 10364 | 1+ | 3000+ | $0.0577 | Show More | Min: 1 | Full Reel: 3000 | Total: $0.11 | Add to My Part Lib | Use the Parts Calculator to determine the quantities you need to purchase.
C41376097	SMBJ14CA	SMBJ14CA | C41376097 | Extended | -55℃~+150℃ 14V 17.2V 2 23.2V 25.86A 5uA 600W Bidirectional IEC 61000-4-2 TVS DO-214AA(SMB) ESD and Surge Protection (TVS/ESD) ROHS | hongjiacheng | 9910 | 1+ | 3000+ | $0.0302 | Show More | Min: 1 | Full Reel: 3000 | Total: $0.05 | Add to My Part Lib | Use the Parts Calculator to determine the quantities you need to purchase.
C41376098	SMBJ43CA	SMBJ43CA | C41376098 | Extended | -55℃~+150℃ 2 43V 52.8V 5uA 600W 69.4V 8.65A Bidirectional IEC 61000-4-2 TVS DO-214AA(SMB) ESD and Surge Protection (TVS/ESD) ROHS | hongjiacheng | 2684 | 1+ | 3000+ | $0.0278 | Show More | Min: 1 | Full Reel: 3000 | Total: $0.05 | Add to My Part Lib | Use the Parts Calculator to determine the quantities you need to purchase.
C41376099	SMBJ64CA	SMBJ64CA | C41376099 | Extended | 103V 2 5.83A 5uA 600W 64V 78.6V Bidirectional IEC 61000-4-2 TVS DO-214AA(SMB) ESD and Surge Protection (TVS/ESD) ROHS | hongjiacheng | 28021 | 1+ | 3000+ | $0.0278 | Show More | Min: 1 | Full Reel: 3000 | Total: $0.05 | Add to My Part Lib | Use the Parts Calculator to determine the quantities you need to purchase.
C41376100	SMBJ8.0CA	SMBJ8.0CA | C41376100 | Extended | -55℃~+150℃ 13.6V 2 44.12A 50uA 600W 8V 9.83V Bidirectional IEC 61000-4-2 TVS DO-214AA(SMB) ESD and Surge Protection (TVS/ESD) ROHS | hongjiacheng | 13269 | 1+ | 3000+ | $0.0283 | Show More | Min: 1 | Full Reel: 3000 | Total: $0.04 | Add to My Part Lib | Use the Parts Calculator to determine the quantities you need to purchase.
C41376101	SMBJ51CA	SMBJ51CA | C41376101 | Extended | -55℃~+150℃ 2 51V 5uA 600W 62.7V 7.28A 82.4V Bidirectional IEC 61000-4-2 TVS DO-214AA(SMB) ESD and Surge Protection (TVS/ESD) ROHS | hongjiacheng | 1892 | 1+ | 3000+ | $0.0278 | Show More | Min: 1 | Full Reel: 3000 | Total: $0.05 | Add to My Part Lib | Use the Parts Calculator to determine the quantities you need to purchase.
C41376102	SMBJ58A	SMBJ58A | C41376102 | Extended | -55℃~+150℃ 1 58V 5uA 6.41A 600W 71.2V 93.6V IEC 61000-4-2 TVS Unidirectional DO-214AA(SMB) ESD and Surge Protection (TVS/ESD) ROHS | hongjiacheng | 46074 | 1+ | 3000+ | $0.0290 | Show More | Min: 1 | Full Reel: 3000 | Total: $0.05 | Add to My Part Lib | Use the Parts Calculator to determine the quantities you need to purchase.
C41376104	SMBJ170A	SMBJ170A | C41376104 | Extended | -55℃~+150℃ 1 170V 2.18A 209V 275V 5uA 600W IEC 61000-4-2 TVS Unidirectional DO-214AA(SMB) ESD and Surge Protection (TVS/ESD) ROHS | hongjiacheng | 1589 | 1+ | 3000+ | $0.0278 | Show More | Min: 1 | Full Reel: 3000 | Total: $0.05 | Add to My Part Lib | Use the Parts Calculator to determine the quantities you need to purchase.
C41376398	SMBJ90CA	SMBJ90CA | C41376398 | Extended | -55℃~+150℃ 111V 146V 2 4.11A 5uA 600W 90V Bidirectional IEC 61000-4-2 TVS DO-214AA(SMB) ESD and Surge Protection (TVS/ESD) ROHS | hongjiacheng | 13950 | 1+ | 3000+ | $0.0278 | Show More | Min: 1 | Full Reel: 3000 | Total: $0.05 | Add to My Part Lib | Use the Parts Calculator to determine the quantities you need to purchase.
C41376399	SMAJ33A	SMAJ33A | C41376399 | Extended | 1 1uA 33V 40.6V 400W 53.3V 7.5A@10/1000us IEC 61000-4-2 TVS Unidirectional DO-214AC(SMA) ESD and Surge Protection (TVS/ESD) ROHS | hongjiacheng | 20064 | 1+ | 5000+ | $0.0213 | Show More | Min: 1 | Full Reel: 5000 | Total: $0.03 | Add to My Part Lib | Use the Parts Calculator to determine the quantities you need to purchase.
C41376400	SMAJ43CA	SMAJ43CA | C41376400 | Extended | 1uA 2 400W 43V 5.8A@10/1000us 52.8V 69.4V Bidirectional IEC 61000-4-2 TVS DO-214AC(SMA) ESD and Surge Protection (TVS/ESD) ROHS | hongjiacheng | 30321 | 1+ | 5000+ | $0.0203 | Show More | Min: 1 | Full Reel: 5000 | Total: $0.03 | Add to My Part Lib | Use the Parts Calculator to determine the quantities you need to purchase.
C41376401	SMAJ48A	SMAJ48A | C41376401 | Extended | 1 1uA 400W 48V 5.2A@10/1000us 58.9V 77.4V IEC 61000-4-2 TVS Unidirectional DO-214AC(SMA) ESD and Surge Protection (TVS/ESD) ROHS | hongjiacheng | 16036 | 1+ | 5000+ | $0.0203 | Show More | Min: 1 | Full Reel: 5000 | Total: $0.03 | Add to My Part Lib | Use the Parts Calculator to determine the quantities you need to purchase.
C41376402	SMAJ43A	SMAJ43A | C41376402 | Extended | -55℃~+150℃ 1 1uA 400W 43V 5.8A@10/1000us 52.8V 69.4V IEC 61000-4-2 TVS Unidirectional DO-214AC(SMA) ESD and Surge Protection (TVS/ESD) ROHS | hongjiacheng | 43905 | 1+ | 5000+ | $0.0208 | Show More | Min: 1 | Full Reel: 5000 | Total: $0.03 | Add to My Part Lib | Use the Parts Calculator to determine the quantities you need to purchase.
C41376403	SMAJ22A	SMAJ22A | C41376403 | Extended | 1 11.3A 1uA 22V 26.9V 35.5V 400W IEC 61000-4-2 TVS Unidirectional DO-214AC(SMA) ESD and Surge Protection (TVS/ESD) ROHS | hongjiacheng | 107237 | 1+ | 5000+ | $0.0232 | Show More | Min: 1 | Full Reel: 5000 | Total: $0.04 | Add to My Part Lib | Use the Parts Calculator to determine the quantities you need to purchase.
C41376404	SMAJ51CA	SMAJ51CA | C41376404 | Extended | -55℃~+150℃ 1uA 2 4.9A 400W 51V 62.7V 82.4V Bidirectional IEC 61000-4-2 TVS DO-214AC(SMA) ESD and Surge Protection (TVS/ESD) ROHS | hongjiacheng | 12956 | 1+ | 5000+ | $0.0203 | Show More | Min: 1 | Full Reel: 5000 | Total: $0.03 | Add to My Part Lib | Use the Parts Calculator to determine the quantities you need to purchase.
C41376405	SMAJ16A	SMAJ16A | C41376405 | Extended | -55℃~+150℃ 1 15.4A 16V 19.7V 1uA 26V 400W IEC 61000-4-2 TVS Unidirectional DO-214AC(SMA) ESD and Surge Protection (TVS/ESD) ROHS | hongjiacheng | 344 | 1+ | 5000+ | $0.0247 | Show More | Min: 1 | Full Reel: 5000 | Total: $0.04 | Add to My Part Lib | Use the Parts Calculator to determine the quantities you need to purchase.
C41376406	SMAJ14A	SMAJ14A | C41376406 | Extended | -55℃~+150℃ 1 14V 17.2A@10/1000us 17.2V 1uA 23.2V 400W IEC 61000-4-2 TVS Unidirectional DO-214AC(SMA) ESD and Surge Protection (TVS/ESD) ROHS | hongjiacheng | 15110 | 1+ | 5000+ | $0.0223 | Show More | Min: 1 | Full Reel: 5000 | Total: $0.04 | Add to My Part Lib | Use the Parts Calculator to determine the quantities you need to purchase.
C41376407	SMAJ10A	SMAJ10A | C41376407 | Extended | -55℃~+150℃ 1 10V 12.3V 17V 23.5A 400W 5uA IEC 61000-4-2 TVS Unidirectional DO-214AC(SMA) ESD and Surge Protection (TVS/ESD) ROHS | hongjiacheng | 256 | Est. unit price: | $0.0279 | Min: 307 | Total: $8.57 | Pre-order | Use the Parts Calculator to determine the quantities you need to purchase.
C41376408	SMAJ20A	SMAJ20A | C41376408 | Extended | -55℃~+150℃ 1 12.3A@10/1000us 1uA 20V 24.5V 32.4V 400W IEC 61000-4-2 TVS Unidirectional DO-214AC(SMA) ESD and Surge Protection (TVS/ESD) ROHS | hongjiacheng | 34609 | 1+ | 5000+ | $0.0234 | Show More | Min: 1 | Full Reel: 5000 | Total: $0.04 | Add to My Part Lib | Use the Parts Calculator to determine the quantities you need to purchase.
C41376409	SMAJ200A	SMAJ200A | C41376409 | Extended | -55℃~+150℃ 1 1.2A 1uA 200V 247V 324V 400W IEC 61000-4-2 TVS Unidirectional DO-214AC(SMA) ESD and Surge Protection (TVS/ESD) ROHS | hongjiacheng | 53846 | 1+ | 5000+ | $0.0223 | Show More | Min: 1 | Full Reel: 5000 | Total: $0.04 | Add to My Part Lib | Use the Parts Calculator to determine the quantities you need to purchase.
C41411744	SMCJ100CA	SMCJ100CA | C41411744 | Extended | -55℃~+150℃ 1.5kW 100V 123V 162V 1uA 2 9.3A Bidirectional IEC 61000-4-2 TVS SMC(DO-214AB) ESD and Surge Protection (TVS/ESD) ROHS | hongjiacheng | 11279 | 1+ | 3000+ | $0.0622 | Show More | Min: 1 | Full Reel: 3000 | Total: $0.11 | Add to My Part Lib | Use the Parts Calculator to determine the quantities you need to purchase.
C41411745	SMCJ43CA	SMCJ43CA | C41411745 | Extended | -55℃~+150℃ 1.5kW 1uA 2 21.7A 43V 52.8V 69.4V Bidirectional IEC 61000-4-2 TVS SMC(DO-214AB) ESD and Surge Protection (TVS/ESD) ROHS | hongjiacheng | 19213 | 1+ | 3000+ | $0.0510 | Show More | Min: 1 | Full Reel: 3000 | Total: $0.10 | Add to My Part Lib | Use the Parts Calculator to determine the quantities you need to purchase.
C41411746	SMCJ70CA	SMCJ70CA | C41411746 | Extended | -55℃~+150℃ 1.5kW 113V 13.3A 1uA 2 70V 86V Bidirectional IEC 61000-4-2 TVS SMC(DO-214AB) ESD and Surge Protection (TVS/ESD) ROHS | hongjiacheng | 3383 | 1+ | 3000+ | $0.0556 | Show More | Min: 1 | Full Reel: 3000 | Total: $0.10 | Add to My Part Lib | Use the Parts Calculator to determine the quantities you need to purchase.
C41411747	SMCJ24CA	SMCJ24CA | C41411747 | Extended | -55℃~+150℃ 1.5kW 1uA 2 24V 29.5V 38.6A 38.9V Bidirectional IEC 61000-4-2 TVS SMC(DO-214AB) ESD and Surge Protection (TVS/ESD) ROHS | hongjiacheng | 1682 | 1+ | 3000+ | $0.0601 | Show More | Min: 1 | Full Reel: 3000 | Total: $0.12 | Add to My Part Lib | Use the Parts Calculator to determine the quantities you need to purchase.
C41411748	SMCJ12CA	SMCJ12CA | C41411748 | Extended | -55℃~+150℃ 1.5kW 12V 14.7V 19.9V 1uA 2 75.4A Bidirectional IEC 61000-4-2 TVS SMC(DO-214AB) ESD and Surge Protection (TVS/ESD) ROHS | hongjiacheng | 2891 | 1+ | 3000+ | $0.0582 | Show More | Min: 1 | Full Reel: 3000 | Total: $0.06 | Add to My Part Lib | Use the Parts Calculator to determine the quantities you need to purchase.
C41411749	SMCJ64CA	SMCJ64CA | C41411749 | Extended | -55℃~+150℃ 1.5kW 103V 14.6A 1uA 2 64V 78.6V Bidirectional IEC 61000-4-2 TVS SMC(DO-214AB) ESD and Surge Protection (TVS/ESD) ROHS | hongjiacheng | 1585 | 1+ | 3000+ | $0.0548 | Show More | Min: 1 | Full Reel: 3000 | Total: $0.10 | Add to My Part Lib | Use the Parts Calculator to determine the quantities you need to purchase.
C41411750	SMCJ45CA	SMCJ45CA | C41411750 | Extended | -55℃~+150℃ 1.5kW 1uA 2 20.6A 45V 55.3V 72.7V Bidirectional IEC 61000-4-2 TVS SMC(DO-214AB) ESD and Surge Protection (TVS/ESD) ROHS | hongjiacheng | 3837 | 1+ | 3000+ | $0.0560 | Show More | Min: 1 | Full Reel: 3000 | Total: $0.10 | Add to My Part Lib | Use the Parts Calculator to determine the quantities you need to purchase.
C41411751	SMCJ51CA	SMCJ51CA | C41411751 | Extended | -55℃~+150℃ 1.5kW 18.2A 1uA 2 51V 62.7V 82.4V Bidirectional IEC 61000-4-2 TVS SMC(DO-214AB) ESD and Surge Protection (TVS/ESD) ROHS | hongjiacheng | 1688 | 1+ | 3000+ | $0.0509 | Show More | Min: 1 | Full Reel: 3000 | Total: $0.10 | Add to My Part Lib | Use the Parts Calculator to determine the quantities you need to purchase.
C41411752	SMCJ5.0CA	SMCJ5.0CA | C41411752 | Extended | -55℃~+150℃ 1.5kW 163A 2 5V 7V 800uA 9.2V Bidirectional IEC 61000-4-2 TVS SMC(DO-214AB) ESD and Surge Protection (TVS/ESD) ROHS | hongjiacheng | 8 | 1+ | 3000+ | $0.0572 | Show More | Min: 1 | Full Reel: 3000 | Total: $0.11 | Add to My Part Lib | Use the Parts Calculator to determine the quantities you need to purchase.
C41411753	SMCJ18CA	SMCJ18CA | C41411753 | Extended | -55℃~+150℃ 1.5kW 18V 1uA 2 22.1V 29.2V 51.4A Bidirectional IEC 61000-4-2 TVS SMC(DO-214AB) ESD and Surge Protection (TVS/ESD) ROHS | hongjiacheng | 23725 | 1+ | 3000+ | $0.0585 | Show More | Min: 1 | Full Reel: 3000 | Total: $0.11 | Add to My Part Lib | Use the Parts Calculator to determine the quantities you need to purchase.
C42394398	SMAJ60A	SMAJ60A | C42394398 | Extended | -55℃~+150℃ 1 1uA 4.1A 400W 60V 73.7V 96.8V IEC 61000-4-2 TVS Unidirectional DO-214AC(SMA) ESD and Surge Protection (TVS/ESD) ROHS | hongjiacheng | 42381 | 1+ | 5000+ | $0.0205 | Show More | Min: 1 | Full Reel: 5000 | Total: $0.04 | Add to My Part Lib | Use the Parts Calculator to determine the quantities you need to purchase.
C42394399	SMAJ60CA	SMAJ60CA | C42394399 | Extended | -55℃~+150℃ 1 1uA 4.1A 400W 60V 73.7V 96.8V Bidirectional IEC 61000-4-2 TVS DO-214AC(SMA) ESD and Surge Protection (TVS/ESD) ROHS | hongjiacheng | 6 | Est. unit price: | $0.0264 | Min: 325 | Total: $8.58 | Pre-order | Use the Parts Calculator to determine the quantities you need to purchase.
C42394400	SMAJ64A	SMAJ64A | C42394400 | Extended | -55℃~+150℃ 1 103V 1uA 3.9A 400W 64V 78.6V IEC 61000-4-2 TVS Unidirectional DO-214AC(SMA) ESD and Surge Protection (TVS/ESD) ROHS | hongjiacheng | 50598 | 1+ | 5000+ | $0.0240 | Show More | Min: 1 | Full Reel: 5000 | Total: $0.04 | Add to My Part Lib | Use the Parts Calculator to determine the quantities you need to purchase.
C42394401	SMAJ85CA	SMAJ85CA | C42394401 | Extended | -55℃~+150℃ 104V 137V 1uA 2.9A 400W 85V Bidirectional IEC 61000-4-2 TVS DO-214AC(SMA) ESD and Surge Protection (TVS/ESD) ROHS | hongjiacheng | 622 | 1+ | 5000+ | $0.0205 | Show More | Min: 1 | Full Reel: 5000 | Total: $0.04 | Add to My Part Lib | Use the Parts Calculator to determine the quantities you need to purchase.
C42394402	SMAJ90CA	SMAJ90CA | C42394402 | Extended | -55℃~+150℃ 111V 146V 1uA 2 2.74A 400W 90V Bidirectional IEC 61000-4-2 TVS DO-214AC(SMA) ESD and Surge Protection (TVS/ESD) ROHS | hongjiacheng | 29636 | 1+ | 5000+ | $0.0211 | Show More | Min: 1 | Full Reel: 5000 | Total: $0.04 | Add to My Part Lib | Use the Parts Calculator to determine the quantities you need to purchase.
C42394403	SMAJ90A	SMAJ90A | C42394403 | Extended | -55℃~+150℃ 111V 146V 1uA 2.7A 400W 90V IEC 61000-4-2 TVS Unidirectional DO-214AC(SMA) ESD and Surge Protection (TVS/ESD) ROHS | hongjiacheng | 38866 | 1+ | 5000+ | $0.0183 | Show More | Min: 1 | Full Reel: 5000 | Total: $0.03 | Add to My Part Lib | Use the Parts Calculator to determine the quantities you need to purchase.
C42394406	SMAJ300CA	SMAJ300CA | C42394406 | Extended | -55℃~+150℃ 1uA 2 300V 371V 400W 486V 820mA Bidirectional IEC 61000-4-2 TVS DO-214AC(SMA) ESD and Surge Protection (TVS/ESD) ROHS | hongjiacheng | 4509 | 1+ | 5000+ | $0.0320 | Show More | Min: 1 | Full Reel: 5000 | Total: $0.06 | Add to My Part Lib | Use the Parts Calculator to determine the quantities you need to purchase.
C42394408	P6SMB7.5A	P6SMB7.5A | C42394408 | Extended | -55℃~+150℃ 11.3V 500uA 53.1A 6.4V 600W 7.88V IEC 61000-4-2 TVS Unidirectional SMB ESD and Surge Protection (TVS/ESD) ROHS | hongjiacheng | 42 | 1+ | 3000+ | $0.0312 | Show More | Min: 1 | Full Reel: 3000 | Total: $0.05 | Add to My Part Lib | Use the Parts Calculator to determine the quantities you need to purchase.
C42394410	P6SMB39A	P6SMB39A | C42394410 | Extended | -55℃~+150℃ 1 11.1A 33.3V 40.95V 53.9V 5uA 600W IEC 61000-4-2 TVS Unidirectional SMB ESD and Surge Protection (TVS/ESD) ROHS | hongjiacheng | 12753 | 1+ | 3000+ | $0.0266 | Show More | Min: 1 | Full Reel: 3000 | Total: $0.05 | Add to My Part Lib | Use the Parts Calculator to determine the quantities you need to purchase.
C42394412	P6SMB200A	P6SMB200A | C42394412 | Extended | -55℃~+150℃ 1 171V 2.2A 210V 274V 5uA 600W IEC 61000-4-2 TVS Unidirectional SMB ESD and Surge Protection (TVS/ESD) ROHS | hongjiacheng | 14075 | 1+ | 3000+ | $0.0243 | Show More | Min: 1 | Full Reel: 3000 | Total: $0.03 | Add to My Part Lib | Use the Parts Calculator to determine the quantities you need to purchase.
C42394417	SMBJ400CA	SMBJ400CA | C42394417 | Extended | -55℃~+150℃ 400V 494V 5uA 600W 648V 930mA Bidirectional IEC 61000-4-2 TVS SMB(DO-214AA) ESD and Surge Protection (TVS/ESD) ROHS | hongjiacheng | 3180 | 1+ | 3000+ | $0.0478 | Show More | Min: 1 | Full Reel: 3000 | Total: $0.09 | Add to My Part Lib | Use the Parts Calculator to determine the quantities you need to purchase.
C42394420	SMCJ6.0A	SMCJ6.0A | C42394420 | Extended | -55℃~+150℃ 1 1.5kW 10.3V 145.7A 6V 7.37V 800uA IEC 61000-4-2 TVS Unidirectional SMC(DO-214AB) ESD and Surge Protection (TVS/ESD) ROHS | hongjiacheng | 4584 | 1+ | 3000+ | $0.0592 | Show More | Min: 1 | Full Reel: 3000 | Total: $0.11 | Add to My Part Lib | Use the Parts Calculator to determine the quantities you need to purchase.
C42394428	SMCJ85CA	SMCJ85CA | C42394428 | Extended | -55℃~+150℃ 1.5kW 104V 11A 137V 1uA 2 85V Bidirectional IEC 61000-4-2 TVS SMC(DO-214AB) ESD and Surge Protection (TVS/ESD) ROHS | hongjiacheng | 1358 | 1+ | 3000+ | $0.0801 | Show More | Min: 1 | Full Reel: 3000 | Total: $0.15 | Add to My Part Lib | Use the Parts Calculator to determine the quantities you need to purchase.
C42394438	SMDJ60CA	SMDJ60CA | C42394438 | Extended | -55℃~+150℃ 2uA 31A 3kW 60V 73.7V 96.8V Bidirectional IEC 61000-4-2 TVS SMC(DO-214AB) ESD and Surge Protection (TVS/ESD) ROHS | hongjiacheng | 6693 | 1+ | 3000+ | $0.0964 | Show More | Min: 1 | Full Reel: 3000 | Total: $0.18 | Add to My Part Lib | Use the Parts Calculator to determine the quantities you need to purchase.
C42394457	5.0SMDJ85CA	5.0SMDJ85CA | C42394457 | Extended | -55℃~+150℃ 104V 137V 36.5A 5kW 5uA 85V Bidirectional IEC 61000-4-2 TVS DO-214AB(SMC) ESD and Surge Protection (TVS/ESD) ROHS | hongjiacheng | 7965 | 1+ | 3000+ | $0.2061 | Show More | Min: 1 | Full Reel: 3000 | Total: $0.41 | Add to My Part Lib | Use the Parts Calculator to determine the quantities you need to purchase.
C42413887	H36VND3U	H36VND3U | C42413887 | Extended | -55℃~+150℃ 1 300W@8/20us 30pF 36V 45V 500nA 5A@8/20us 60V ESD IEC 61000-4-2、IEC 61000-4-5 Unidirectional SOD-323 ESD and Surge Protection (TVS/ESD) ROHS | hongjiacheng | 33193 | 1+ | 3000+ | $0.0189 | Show More | Min: 1 | Full Reel: 3000 | Total: $0.03 | Add to My Part Lib | Use the Parts Calculator to determine the quantities you need to purchase.
C42413893	H5VL10BH	H5VL10BH | C42413893 | Extended | -55℃~+150℃ 1 10V 200nA 3.5A@8/20us 36W@8/20us 5.5pF 5V 8V Bidirectional ESD IEC 61000-4-2、IEC 61000-4-5 DFN1006-2L ESD and Surge Protection (TVS/ESD) ROHS | hongjiacheng | 17714 | 1+ | 10000+ | $0.0105 | Show More | Min: 1 | Full Reel: 10000 | Total: $0.02 | Add to My Part Lib | Use the Parts Calculator to determine the quantities you need to purchase.
C42413899	H5VND5BA	H5VND5BA | C42413899 | Extended | -55℃~+125℃ 1 120W@8/20us 15V 200nA 20pF 5V 8A@8/20us 8V Bidirectional ESD IEC 61000-4-2、IEC 61000-4-5 SOD-523 ESD and Surge Protection (TVS/ESD) ROHS | hongjiacheng | 48815 | 1+ | 8000+ | $0.0163 | Show More | Min: 1 | Full Reel: 8000 | Total: $0.03 | Add to My Part Lib | Use the Parts Calculator to determine the quantities you need to purchase.
C42413902	SM08	SM08 | C42413902 | Extended | -55℃~+150℃ 1 13.4V 13.4V 15A 1uA 240pF 350W 8V ESD IEC 61000-4-2 Unidirectional SOT-23 ESD and Surge Protection (TVS/ESD) ROHS | hongjiacheng | 14270 | 1+ | 3000+ | $0.0183 | Show More | Min: 1 | Full Reel: 3000 | Total: $0.03 | Add to My Part Lib | Use the Parts Calculator to determine the quantities you need to purchase.
C42413903	SM12	SM12 | C42413903 | Extended | -55℃~+150℃ 1 11A 12V 13.3V 130pF 19V 1uA 350W ESD IEC 61000-4-2 Unidirectional SOT-23 ESD and Surge Protection (TVS/ESD) ROHS | hongjiacheng | 6001 | 1+ | 3000+ | $0.0176 | Show More | Min: 1 | Full Reel: 3000 | Total: $0.03 | Add to My Part Lib | Use the Parts Calculator to determine the quantities you need to purchase.
C42413904	SM18	SM18 | C42413904 | Extended | -55℃~+150℃ 1 100pF 18V 20V 2uA 350W 35V 9A ESD IEC 61000-4-2 Unidirectional SOT-23 ESD and Surge Protection (TVS/ESD) ROHS | hongjiacheng | 296 | 1+ | 3000+ | $0.0183 | Show More | Min: 1 | Full Reel: 3000 | Total: $0.03 | Add to My Part Lib | Use the Parts Calculator to determine the quantities you need to purchase.
C42413905	SM24	SM24 | C42413905 | Extended | -55℃~+150℃ 1 1uA 24V 26.7V 350W 43V 7A 80pF ESD IEC 61000-4-2 Unidirectional SOT-23 ESD and Surge Protection (TVS/ESD) ROHS | hongjiacheng | 5064 | 1+ | 3000+ | $0.0178 | Show More | Min: 1 | Full Reel: 3000 | Total: $0.03 | Add to My Part Lib | Use the Parts Calculator to determine the quantities you need to purchase.
C42413906	SM36	SM36 | C42413906 | Extended | -55℃~+150℃ 1 1uA 350W 36V 40V 5A 60V 60pF ESD IEC 61000-4-2 Unidirectional SOT-23 ESD and Surge Protection (TVS/ESD) ROHS | hongjiacheng | 7678 | 1+ | 3000+ | $0.0183 | Show More | Min: 1 | Full Reel: 3000 | Total: $0.03 | Add to My Part Lib | Use the Parts Calculator to determine the quantities you need to purchase.
C42371727	5.0SMDJ28CA	5.0SMDJ28CA | C42371727 | Extended | -55℃~+150℃ 110.1A 28V 34.4V 45.4V 5kW 5uA Bidirectional IEC 61000-4-2 TVS SMC(DO-214AB) ESD and Surge Protection (TVS/ESD) ROHS | hongjiacheng | 0 | Est. unit price: | $0.3063 | Min: 28 | Total: $8.58 | Pre-order | Use the Parts Calculator to determine the quantities you need to purchase.
